year,round,pick,First,Last,Unnamed: 5
1997,1,1,Tim,Duncan,
1997,1,2,Keith,VanHorn,
1997,1,3,Chauncey,Billups,
1997,1,4,Antonio,Daniels,
1997,1,5,Tony,Battie,
1997,1,6,Ron,Mercer,
1997,1,7,Tim,Thomas,
1997,1,8,Adonal,Foyle,
1997,1,9,Tracy,McGrady,
1997,1,10,Danny,Fortson,
1997,1,11,Tariq,Abdul-Wahad,
1997,1,12,Austin,Croshere,
1997,1,13,Derek,Anderson,
1997,1,14,Maurice,Taylor,
1997,1,15,Kelvin,Cato,
1997,1,16,Brevin,Knight,
1997,1,17,Johnny,Taylor,
1997,1,18,Chris,Anstey,
1997,1,19,Scot,Pollard,
1997,1,20,Paul,Grant,
1997,1,21,Anthony,Parker,
1997,1,22,Ed,Gray,
1997,1,23,Bobby,Jackson,
1997,1,24,Rodrick,Rhodes,
1997,1,25,John,Thomas,
1997,1,26,Charles,Smith,
1997,1,27,Jacque,Vaughn,
1997,1,28,Keith,Booth,
1997,2,29,Serge,Zwikker,
1997,2,30,Mark,Sanford,
1997,2,31,Charles,O'Bannon,
1997,2,32,James,Cotton,
1997,2,33,Marko,Milic,
1997,2,34,Bubba,Wells,
1997,2,35,Kebu,Stewart,
1997,2,36,James,Collins,
1997,2,37,Marc,Jackson,
1997,2,38,Jerald,Honeycutt,
1997,2,39,Anthony,Johnson,
1997,2,40,Ed,Elisma,
1997,2,41,Jason,Lawson,
1997,2,42,Stephen,Jackson,
1997,2,43,Gordon,Malone,
1997,2,44,Cedric,Henderson,
1997,2,45,God,Shammgod,
1997,2,46,Eric,Washington,
1997,2,47,Alvin,Williams,
1997,2,48,Predrag,Drobnjak,
1997,2,49,Alain,Digbeu,
1997,2,50,Chris,Crawford,
1997,2,51,DeJuan,Wheat,
1997,2,52,CJ,Bruton,
1997,2,53,Paul,Rogers,
1997,2,54,Mark,Blount,
1997,2,55,Ben,Pepper,
1997,2,56,Nate,Erdmann,
1997,2,57,Roberto,Duenas,
1998,1,1,Michael,Olowokandi,
1998,1,2,Mike,Bibby,
1998,1,3,Raef,LaFrentz,
1998,1,4,Antawn,Jamison,
1998,1,5,Vince,Carter,
1998,1,6,Robert,Traylor,
1998,1,7,Jason,Williams,
1998,1,8,Larry,Hughes,
1998,1,9,Dirk,Nowitzki,
1998,1,10,Paul,Pierce,
1998,1,11,Bonzi,Wells,
1998,1,12,Michael,Doleac,
1998,1,13,Keon,Clark,
1998,1,14,Michael,Dickerson,
1998,1,15,Matt,Harpring,
1998,1,16,Bryce,Drew,
1998,1,17,Rasho,Nesterovic,
1998,1,18,Mirsad,Turkcan,
1998,1,19,Pat,Garrity,
1998,1,20,Roshown,McLeod,
1998,1,21,Ricky,Davis,
1998,1,22,Brian,Skinner,
1998,1,23,Tyronn,Lue,
1998,1,24,Felipe,Lopez,
1998,1,25,Al,Harrington,
1998,1,26,Sam,Jacobson,
1998,1,27,Vladimir,Stepania,
1998,1,28,Corey,Benjamin,
1998,1,29,Nazr,Mohammed,
1998,2,30,Ansu,Sesay,
1998,2,31,Ruben,Patterson,
1998,2,32,Rashard,Lewis,
1998,2,33,Jelani,McCoy,
1998,2,34,Shammond,Williams,
1998,2,35,Bruno,Sundov,
1998,2,36,Jerome,James,
1998,2,37,Casey,Shaw,
1998,2,38,DeMarco,Johnson,
1998,2,39,Rafer,Alston,
1998,2,40,Korleone,Young,
1998,2,41,Cuttino,Mobley,
1998,2,42,Miles,Simon,
1998,2,43,Jahidi,White,
1998,2,44,Sean,Marks,
1998,2,45,Toby,Bailey,
1998,2,46,Andrae,Patterson,
1998,2,47,Tyson,Wheeler,
1998,2,48,Ryan,Stack,
1998,2,49,Cory,Carr,
1998,2,50,Andrew,Betts,
1998,2,51,Corey,Brewer,
1998,2,52,Derrick,Dial,
1998,2,53,Greg,Buckner,
1998,2,54,Tremaine,Fowlkes,
1998,2,55,Ryan,Bowen,
1998,2,56,JR,Henderson,
1998,2,57,Torraye,Braggs,
1998,2,58,Maceo,Baston,
1999,1,1,Elton,Brand,
1999,1,2,Steve,Francis,
1999,1,3,Baron,Davis,
1999,1,4,Lamar,Odom,
1999,1,5,Jonathan,Bender,
1999,1,6,Wally,Szczerbiak,
1999,1,7,Richard,Hamilton,
1999,1,8,Andre,Miller,
1999,1,9,Shawn,Marion,
1999,1,10,Jason,Terry,
1999,1,11,Trajan,Langdon,
1999,1,12,Aleksandar,Radojevic,
1999,1,13,Corey,Maggette,
1999,1,14,William,Avery,
1999,1,15,Frederic,Weis,
1999,1,16,Ron,Artest,
1999,1,17,Cal,Bowdler,
1999,1,18,James,Posey,
1999,1,19,Quincy,Lewis,
1999,1,20,Dion,Glover,
1999,1,21,Jeff,Foster,
1999,1,22,Kenny,Thomas,
1999,1,23,Devean,George,
1999,1,24,Andrei,Kirilenko,
1999,1,25,Tim,James,
1999,1,26,Vonteego,Cummings,
1999,1,27,Jumaine,Jones,
1999,1,28,Scott,Padgett,
1999,1,29,Leon,Smith,
1999,2,30,John,Celestand,
1999,2,31,Rico,Hill,
1999,2,32,Michael,Ruffin,
1999,2,33,Chris,Herren,
1999,2,34,Evan,Eschmeyer,
1999,2,35,Calvin,Booth,
1999,2,36,Zhizhi,Wang,
1999,2,37,Obinna,Ekezie,
1999,2,38,Laron,Profit,
1999,2,39,AJ,Bramlett,
1999,2,40,Gordan,Giricek,
1999,2,41,Francisco,Elson,
1999,2,42,Louis,Bullock,
1999,2,43,Lee,Nailon,
1999,2,44,Tyrone,Washington,
1999,2,45,Ryan,Robertson,
1999,2,46,JR,Koch,
1999,2,47,,Macculloch,
1999,2,48,Galen,Young,
1999,2,49,Lari,Ketner,
1999,2,50,Venson,Hamilton,
1999,2,51,Antwain,Smith,
1999,2,52,Roberto,Bergersen,
1999,2,53,Rodney,Buford,
1999,2,54,Melvin,Levett,
1999,2,55,Kris,Clack,
1999,2,56,Tim,Young,
1999,2,57,Manu,Ginobili,
1999,2,58,Eddie,Lucas,
2000,1,1,Kenyon,Martin,
2000,1,2,Stromile,Swift,
2000,1,3,Darius,Miles,
2000,1,4,Marcus,Fizer,
2000,1,5,Mike,Miller,
2000,1,6,DerMarr,Johnson,
2000,1,7,Chris,Mihm,
2000,1,8,Jamal,Crawford,
2000,1,9,Joel,Przybilla,
2000,1,10,Keyon,Dooling,
2000,1,11,Jerome,Moiso,
2000,1,12,Etan,Thomas,
2000,1,13,Courtney,Alexander,
2000,1,14,Mateen,Cleaves,
2000,1,15,Jason,Collier,
2000,1,16,Hedo,Turkoglu,
2000,1,17,Desmond,Mason,
2000,1,18,Quentin,Richardson,
2000,1,19,Jamaal,Magloire,
2000,1,20,Speedy,Claxton,
2000,1,21,Morris,Peterson,
2000,1,22,Donnell,Harvey,
2000,1,23,DeShawn,Stevenson,
2000,1,24,Dalibor,Bagaric,
2000,1,25,Jake,Tsakalidis,
2000,1,26,Mamadou,N'Diaye,
2000,1,27,Primoz,Brezec,
2000,1,28,Erick,Barkley,
2000,1,29,Mark,Madsen,
2000,2,30,Marko,Jaric,
2000,2,31,Dan,Langhi,
2000,2,32,AJ,Guyton,
2000,2,33,Jake,Voskuhl,
2000,2,34,Khalid,El-Amin,
2000,2,35,Mike,Smith,
2000,2,36,Soumaila,Samake,
2000,2,37,Eddie,House,
2000,2,38,Eduardo,Najera,
2000,2,39,Lavor,Postell,
2000,2,40,Eduardo,Mottola,
2000,2,41,Chris,Carrawell,
2000,2,42,Olumide,Oyedeji,
2000,2,43,Michael,Redd,
2000,2,44,Brian,Cardinal,
2000,2,45,Jabari,Smith,
2000,2,46,DeeAndre,Hulett,
2000,2,47,Josip,Sesar,
2000,2,48,Mark,Karcher,
2000,2,49,Jason,Hart,
2000,2,50,Kaniel,Dickens,
2000,2,51,Igor,Rakocevic,
2000,2,52,Ernest,Brown,
2000,2,53,Dan,McClintock,
2000,2,54,Cory,Hightower,
2000,2,55,Chris,Porter,
2000,2,56,Jaquay,Walls,
2000,2,57,Scoonie,Penn,
2000,2,58,Pete,Mickeal,
2001,1,1,Kwame,Brown,
2001,1,2,Tyson,Chandler,
2001,1,3,Pau,Gasol,
2001,1,4,Eddy,Curry,
2001,1,5,Jason,Richardson,
2001,1,6,Shane,Battier,
2001,1,7,Eddie,Griffin,
2001,1,8,DeSagana,Diop,
2001,1,9,Rodney,White,
2001,1,10,Joe,Johnson,
2001,1,11,Kedrick,Brown,
2001,1,12,Vladimir,Radmanovic,
2001,1,13,Richard,Jefferson,
2001,1,14,Troy,Murphy,
2001,1,15,Steven,Hunter,
2001,1,16,Kirk,Haston,
2001,1,17,Michael,Bradley,
2001,1,18,Jason,Collins,
2001,1,19,Zach,Randolph,
2001,1,20,Brendan,Haywood,
2001,1,21,Joseph,Forte,
2001,1,22,Jeryl,Sasser,
2001,1,23,Brandon,Armstrong,
2001,1,24,Raul,Lopez,
2001,1,25,Gerald,Wallace,
2001,1,26,Samuel,Dalembert,
2001,1,27,Jamaal,Tinsley,
2001,1,28,Tony,Parker,
2001,2,30,Trenton,Hassell,
2001,2,31,Gilbert,Arenas,
2001,2,32,Omar,Cook,
2001,2,33,Will,Solomon,
2001,2,34,Terence,Morris,
2001,2,35,Brian,Scalabrine,
2001,2,36,Jeff,Trepagnier,
2001,2,37,Damone,Brown,
2001,2,38,Mehmet,Okur,
2001,2,39,Michael,Wright,
2001,2,40,Earl,Watson,
2001,2,41,Jamison,Brewer,
2001,2,42,Bobby,Simmons,
2001,2,43,Eric,Chenowith,
2001,2,44,Kyle,Hill,
2001,2,45,Sean,Lampley,
2001,2,46,Loren,Woods,
2001,2,47,Ousmane,Cisse,
2001,2,48,Antonis,Fotsis,
2001,2,49,Ken,Johnson,
2001,2,50,Ruben,Boumtje-Boumtje,
2001,2,51,Alton,Ford,
2001,2,52,Andre,Hutson,
2001,2,53,Jarron,Collins,
2001,2,54,Kenny,Satterfield,
2001,2,55,Maurice,Jeffers,
2001,2,56,Robertas,Javtokas,
2001,2,57,Alvin,Jones,
2001,2,58,Bryan,Bracey,
2002,1,1,Yao,Ming,
2002,1,2,Jay,Williams,
2002,1,3,Mike,DunleavyJr.,
2002,1,4,Drew,Gooden,
2002,1,5,Nikoloz,Tskitishvili,
2002,1,6,Dajuan,Wagner,
2002,1,7,Nene,Hilario,
2002,1,8,Chris,Wilcox,
2002,1,9,Amare,Stoudemire,
2002,1,10,Caron,Butler,
2002,1,11,Jared,Jeffries,
2002,1,12,Melvin,Ely,
2002,1,13,Marcus,Haislip,
2002,1,14,Fred,Jones,
2002,1,15,Bostjan,Nachbar,
2002,1,16,Jiri,Welsch,
2002,1,17,Juan,Dixon,
2002,1,18,Curtis,Borchardt,
2002,1,19,Ryan,Humphrey,
2002,1,20,Kareem,Rush,
2002,1,21,Qyntel,Woods,
2002,1,22,Casey,Jacobsen,
2002,1,23,Tayshaun,Prince,
2002,1,24,Nenad,Krstic,
2002,1,25,Frank,Williams,
2002,1,26,John,Salmons,
2002,1,27,Chris,Jefferies,
2002,1,28,Dan,Dickau,
2002,2,30,Steve,Logan,
2002,2,31,Mason,RogerJr,
2002,2,32,Robert,Archibald,
2002,2,33,Vincent,Yarbrough,
2002,2,34,Dan,Gadzuric,
2002,2,35,Carlos,Boozer,
2002,2,36,Milos,Vujanic,
2002,2,37,David,Andersen,
2002,2,38,Tito,Maddox,
2002,2,39,Rod,Grizzard,
2002,2,40,JuanCarlos,Navarro,
2002,2,41,Mario,Kasun,
2002,2,42,Ronald,Murray,
2002,2,43,Jason,Jennings,
2002,2,44,Lonny,Baxter,
2002,2,45,Sam,Clancy,
2002,2,46,Matt,Barnes,
2002,2,47,Jamal,Sampson,
2002,2,48,Chris,Owens,
2002,2,49,Peter,Fehse,
2002,2,50,Darius,Songaila,
2002,2,51,Federico,Kammerichs,
2002,2,52,Marcus,Taylor,
2002,2,53,Rasual,Butler,
2002,2,54,Tamar,Slay,
2002,2,55,Mladen,Sekularac,
2002,2,56,Luis,Scola,
2002,2,57,Randy,Holcomb,
2002,2,58,Corsley,Edwards,
2003,1,1,LeBron,James,
2003,1,2,Darko,Milicic,
2003,1,3,Carmelo,Anthony,
2003,1,4,Chris,Bosh,
2003,1,5,Dwyane,Wade,
2003,1,6,Chris,Kaman,
2003,1,7,Kirk,Hinrich,
2003,1,8,TJ,Ford,
2003,1,9,Michael,Sweetney,
2003,1,10,Jarvis,Hayes,
2003,1,11,Mickael,Pietrus,
2003,1,12,Nick,Collison,
2003,1,13,Marcus,Banks,
2003,1,14,Luke,Ridnour,
2003,1,15,Reece,Gaines,
2003,1,16,Troy,Bell,
2003,1,17,Zarko,Cabarkapa,
2003,1,18,David,West,
2003,1,19,Sasha,Pavlovic,
2003,1,20,Dahntay,Jones,
2003,1,21,Boris,Diaw,
2003,1,22,Zoran,Planinic,
2003,1,23,Travis,Outlaw,
2003,1,24,Brian,Cook,
2003,1,25,Carlos,Delfino,
2003,1,26,Ndudi,Ebi,
2003,1,27,Kendrick,Perkins,
2003,1,28,Leandro,Barbosa,
2003,1,29,Josh,Howard,
2003,2,30,Maciej,Lampe,
2003,2,31,Jason,Kapono,
2003,2,32,Luke,Walton,
2003,2,33,Jerome,Beasley,
2003,2,34,Sofoklis,Schortsanitis,
2003,2,35,Szymon,Szewczyk,
2003,2,36,Mario,Austin,
2003,2,37,Travis,Hansen,
2003,2,38,Steve,Blake,
2003,2,39,Slavko,Vranes,
2003,2,40,Derrick,Zimmerman,
2003,2,41,Willie,Green,
2003,2,42,Zaza,Pachulia,
2003,2,43,Keith,Bogans,
2003,2,44,Malick,Badiane,
2003,2,45,Matt,Bonner,
2003,2,46,Sani,Becirovic,
2003,2,47,Mo,Williams,
2003,2,48,James,Lang,
2003,2,49,James,Jones,
2003,2,50,Paccelis,Morlende,
2003,2,51,Kyle,Korver,
2003,2,52,Remon,vandeHare,
2003,2,53,Tommy,Smith,
2003,2,54,Nedzad,Sinanovic,
2003,2,55,Rick,Rickert,
2003,2,56,Brandon,Hunter,
2003,2,57,Xue,Yuyang,
2003,2,58,Andreas,Glyniadakis,
2004,1,1,Dwight,Howard,
2004,1,2,Emeka,Okafor,
2004,1,3,Ben,Gordon,
2004,1,4,Shaun,Livingston,
2004,1,5,Devin,Harris,
2004,1,6,Josh,Childress,
2004,1,7,Luol,Deng,
2004,1,8,Rafael,Araujo,
2004,1,9,Andre,Iguodala,
2004,1,10,Luke,Jackson,
2004,1,11,Andris,Biedrins,
2004,1,12,Robert,Swift,
2004,1,13,Sebastian,Telfair,
2004,1,14,Kris,Humphries,
2004,1,15,Al,Jefferson,
2004,1,16,Kirk,Snyder,
2004,1,17,Josh,Smith,
2004,1,18,JR,Smith,
2004,1,19,Dorell,Wright,
2004,1,20,Jameer,Nelson,
2004,1,21,Pavel,Podkolzin,
2004,1,22,Viktor,Khryapa,
2004,1,23,Sergei,Monia,
2004,1,24,Delonte,West,
2004,1,25,Tony,Allen,
2004,1,26,Kevin,Martin,
2004,1,27,Sasha,Vujacic,
2004,1,28,Beno,Udrih,
2004,1,29,David,Harrison,
2004,2,30,Anderson,Varejao,
2004,2,31,Jackson,Vroman,
2004,2,32,PeterJohn,Ramos,
2004,2,33,Lionel,Chalmers,
2004,2,34,Donta,Smith,
2004,2,35,Andre,Emmett,
2004,2,36,Antonio,Burks,
2004,2,37,Royal,Ivey,
2004,2,38,Chris,Duhon,
2004,2,39,Albert,Miralles,
2004,2,40,Justin,Reed,
2004,2,41,David,Young,
2004,2,42,Viktor,Sanikidze,
2004,2,43,Trevor,Ariza,
2004,2,44,Tim,Pickett,
2004,2,45,Bernard,Robinson,
2004,2,46,Seung-Jin,Ha,
2004,2,47,Pape,Sow,
2004,2,48,Ricky,Minard,
2004,2,49,Sergei,Lishouk,
2004,2,50,Vassilis,Spanoulis,
2004,2,51,Christian,Drejer,
2004,2,52,Romain,Sato,
2004,2,53,Matt,Freije,
2004,2,54,Rickey,Paulding,
2004,2,55,Luis,Flores,
2004,2,56,Marcus,Douthit,
2004,2,57,Sergei,Karaulov,
2004,2,58,Blake,Stepp,
2004,2,59,Rashad,Wright,
2005,1,1,Andrew,Bogut,
2005,1,2,Marvin,Williams,
2005,1,3,Deron,Williams,
2005,1,4,Chris,Paul,
2005,1,5,Raymond,Felton,
2005,1,6,Martell,Webster,
2005,1,7,Charlie,Villanueva,
2005,1,8,Channing,Frye,
2005,1,9,Ike,Diogu,
2005,1,10,Andrew,Bynum,
2005,1,11,Fran,Vazquez,
2005,1,12,Yaroslav,Korolev,
2005,1,13,Sean,May,
2005,1,14,Rashad,McCants,
2005,1,15,Antoine,Wright,
2005,1,16,Joey,Graham,
2005,1,17,Danny,Granger,
2005,1,18,Gerald,Green,
2005,1,19,Hakim,Warrick,
2005,1,20,Julius,Hodge,
2005,1,21,Nate,Robinson,
2005,1,22,Jarrett,Jack,
2005,1,23,Francisco,Garcia,
2005,1,24,Luther,Head,
2005,1,25,Johan,Petro,
2005,1,26,Jason,Maxiell,
2005,1,27,Linas,Kleiza,
2005,1,28,Ian,Mahinmi,
2005,1,29,Wayne,Simien,
2005,1,30,David,Lee,
2005,2,31,Salim,Stoudamire,
2005,2,32,Daniel,Ewing,
2005,2,33,Brandon,Bass,
2005,2,34,CJ,Miles,
2005,2,35,Ricky,Sanchez,
2005,2,36,Ersan,Ilyasova,
2005,2,37,Ronny,Turiaf,
2005,2,38,Travis,Diener,
2005,2,39,Von,Wafer,
2005,2,40,Monta,Ellis,
2005,2,41,Roko,Ukic,
2005,2,42,Chris,Taft,
2005,2,43,Mile,Ilic,
2005,2,44,Martynas,Andriuskevicius,
2005,2,45,Louis,Williams,
2005,2,46,Erazem,Lorbek,
2005,2,47,Bracey,Wright,
2005,2,48,Mickael,Gelabale,
2005,2,49,Andray,Blatche,
2005,2,50,Ryan,Gomes,
2005,2,51,Robert,Whaley,
2005,2,52,Axel,Hervelle,
2005,2,53,Orien,Greene,
2005,2,54,Dijon,Thompson,
2005,2,55,Lawrence,Roberts,
2005,2,56,Amir,Johnson,
2005,2,57,Marcin,Gortat,
2005,2,58,Uros,Slokar,
2005,2,59,Cenk,Akyol,
2005,2,60,Alex,Acker,
2006,1,1,Andrea,Bargnani,
2006,1,2,LaMarcus,Aldridge,
2006,1,3,Adam,Morrison,
2006,1,4,Tyrus,Thomas,
2006,1,5,Shelden,Williams,
2006,1,6,Brandon,Roy,
2006,1,7,Randy,Foye,
2006,1,8,Rudy,Gay,
2006,1,9,Patrick,O'Bryant,
2006,1,10,Mouhamed,Sene,
2006,1,11,JJ,Redick,
2006,1,12,Hilton,Armstrong,
2006,1,13,Thabo,Sefolosha,
2006,1,14,Ronnie,Brewer,
2006,1,15,Cedric,Simmons,
2006,1,16,Rodney,Carney,
2006,1,17,Shawne,Williams,
2006,1,18,Oleksiy,Pecherov,
2006,1,19,Quincy,Douby,
2006,1,20,Renaldo,Balkman,
2006,1,21,Rajon,Rondo,
2006,1,22,Marcus,Williams,
2006,1,23,Josh,Boone,
2006,1,24,Kyle,Lowry,
2006,1,25,Shannon,Brown,
2006,1,26,Jordan,Farmar,
2006,1,27,Sergio,Rodriguez,
2006,1,28,Maurice,Ager,
2006,1,29,Mardy,Collins,
2006,1,30,Joel,Freeland,
2006,2,31,James,White,
2006,2,32,Steve,Novak,
2006,2,33,Solomon,Jones,
2006,2,34,Paul,Davis,
2006,2,35,PJ,Tucker,
2006,2,36,Craig,Smith,
2006,2,37,Bobby,Jones,
2006,2,38,Kosta,Perovic,
2006,2,39,David,Noel,
2006,2,40,Denham,Brown,
2006,2,41,James,Augustine,
2006,2,42,Daniel,Gibson,
2006,2,43,Marcus,Vinicius,
2006,2,44,Lior,Eliyahu,
2006,2,45,Alexander,Johnson,
2006,2,46,Dee,Brown,
2006,2,47,Paul,Millsap,
2006,2,48,Vladimir,Veremeenko,
2006,2,49,Leon,Powe,
2006,2,50,Ryan,Hollins,
2006,2,51,Cheikh,Samb,
2006,2,52,Guillermo,Diaz,
2006,2,53,Yotam,Halperin,
2006,2,54,Hassan,Adams,
2006,2,55,Ejike,Ugboaja,
2006,2,56,Edin,Bavcic,
2006,2,57,Loukas,Mavrokefalidis,
2006,2,58,JR,Pinnock,
2006,2,59,Damir,Markota,
2006,2,60,Will,Blalock,
2007,1,1,Greg,Oden,
2007,1,2,Kevin,Durant,
2007,1,3,Al,Horford,
2007,1,4,Mike,Conley,
2007,1,5,Jeff,Green,
2007,1,6,Jianlian,Yi,
2007,1,7,Corey,Brewer,
2007,1,8,Brandan,Wright,
2007,1,9,Joakim,Noah,
2007,1,10,Spencer,Hawes,
2007,1,11,Acie,Law,
2007,1,12,Thaddeus,Young,
2007,1,13,Julian,Wright,
2007,1,14,Al,Thornton,
2007,1,15,Rodney,Stuckey,
2007,1,16,Nick,Young,
2007,1,17,Sean,Williams,
2007,1,18,Marco,Belinelli,
2007,1,19,Javaris,Crittenton,
2007,1,20,Jason,Smith,
2007,1,21,Daequan,Cook,
2007,1,22,Jared,Dudley,
2007,1,23,Wilson,Chandler,
2007,1,24,Rudy,Fernandez,
2007,1,25,Morris,Almond,
2007,1,26,Aaron,Brooks,
2007,1,27,Arron,Afflalo,
2007,1,28,Tiago,Splitter,
2007,1,29,Alando,Tucker,
2007,1,30,Petteri,Koponen,
2007,2,31,Carl,Landry,
2007,2,32,Gabe,Pruitt,
2007,2,33,Marcus,Williams,
2007,2,34,Nick,Fazekas,
2007,2,35,Glen,Davis,
2007,2,36,Jermareo,Davidson,
2007,2,37,Josh,McRoberts,
2007,2,38,Kyrylo,Fesenko,
2007,2,39,Stanko,Barac,
2007,2,40,Yue,Sun,
2007,2,41,Chris,Richard,
2007,2,42,Derrick,Byars,
2007,2,43,Adam,Haluska,
2007,2,44,Reyshawn,Terry,
2007,2,45,Jared,Jordan,
2007,2,46,Stephane,Lasme,
2007,2,47,Dominic,McGuire,
2007,2,48,Marc,Gasol,
2007,2,49,Aaron,Gray,
2007,2,50,Renaldas,Seibutis,
2007,2,51,JamesOn,Curry,
2007,2,52,Taurean,Green,
2007,2,53,Demetris,Nichols,
2007,2,54,Brad,Newley,
2007,2,55,Herbert,Hill,
2007,2,56,Ramon,Sessions,
2007,2,57,Sammy,Mejia,
2007,2,58,Giorgos,Printezis,
2007,2,59,DJ,Strawberry,
2007,2,60,Milovan,Rakovic,
2008,1,1,Derrick,Rose,
2008,1,2,Michael,Beasley,
2008,1,3,OJ,Mayo,
2008,1,4,Russell,Westbrook,
2008,1,5,Kevin,Love,
2008,1,6,Danilo,Gallinari,
2008,1,7,Eric,Gordon,
2008,1,8,Joe,Alexander,
2008,1,9,DJ,Augustin,
2008,1,10,Brook,Lopez,
2008,1,11,Jerryd,Bayless,
2008,1,12,Jason,Thompson,
2008,1,13,Brandon,Rush,
2008,1,14,Anthony,Randolph,
2008,1,15,Robin,Lopez,
2008,1,16,Marreese,Speights,
2008,1,17,Roy,Hibbert,
2008,1,18,Javale,McGee,
2008,1,19,JJ,Hickson,
2008,1,20,Alexis,Ajinca,
2008,1,21,Ryan,Anderson,
2008,1,22,Courtney,Lee,
2008,1,23,Kosta,Koufos,
2008,1,24,Serge,Ibaka,
2008,1,25,Nicolas,Batum,
2008,1,26,George,Hill,
2008,1,27,Darrell,Arthur,
2008,1,28,Donte,Greene,
2008,1,29,DJ,White,
2008,1,30,JR,Giddens,
2008,2,31,Nikola,Pekovic,
2008,2,32,Walter,Sharpe,
2008,2,33,Joey,Dorsey,
2008,2,34,Mario,Chalmers,
2008,2,35,DeAndre,Jordan,
2008,2,36,Omer,Asik,
2008,2,37,Luc,MbahaMoute,
2008,2,38,Kyle,Weaver,
2008,2,39,Sonny,Weems,
2008,2,40,Chris,Douglas-Roberts,
2008,2,41,Nathan,Jawai,
2008,2,42,Sean,Singletary,
2008,2,43,Jr,Ewing,Patrick
2008,2,44,Ante,Tomic,
2008,2,45,Goran,Dragic,
2008,2,46,Trent,Plaisted,
2008,2,47,Bill,Walker,
2008,2,48,Malik,Hairston,
2008,2,49,Richard,Hendrix,
2008,2,50,DeVon,Hardin,
2008,2,51,Shan,Foster,
2008,2,52,Darnell,Jackson,
2008,2,53,Tadija,Dragicevic,
2008,2,54,Maarty,Leunen,
2008,2,55,Mike,Taylor,
2008,2,56,Sasha,Kaun,
2008,2,57,James,Gist,
2008,2,58,Joe,Crawford,
2008,2,59,Deron,Washington,
2008,2,60,Semih,Erden,
2009,1,1,Blake,Griffin,
2009,1,2,Hasheem,Thabeet,
2009,1,3,James,Harden,
2009,1,4,Tyreke,Evans,
2009,1,5,Ricky,Rubio,
2009,1,6,Jonny,Flynn,
2009,1,7,Stephen,Curry,
2009,1,8,Jordan,Hill,
2009,1,9,DeMar,DeRozan,
2009,1,10,Brandon,Jennings,
2009,1,11,Terrence,Williams,
2009,1,12,Gerald,Henderson,
2009,1,13,Tyler,Hansbrough,
2009,1,14,Earl,Clark,
2009,1,15,Austin,Daye,
2009,1,16,James,Johnson,
2009,1,17,Jrue,Holiday,
2009,1,18,Ty,Lawson,
2009,1,19,Jeff,Teague,
2009,1,20,Eric,Maynor,
2009,1,21,Darren,Collison,
2009,1,22,Victor,Claver,
2009,1,23,Omri,Casspi,
2009,1,24,Byron,Mullens,
2009,1,25,Rodrigue,Beaubois,
2009,1,26,Taj,Gibson,
2009,1,27,DeMarre,Carroll,
2009,1,28,Wayne,Ellington,
2009,1,29,Toney,Douglas,
2009,1,30,Christian,Eyenga,
2009,2,31,Jeff,Pendergraph,
2009,2,32,Jermaine,Taylor,
2009,2,33,Dante,Cunningham,
2009,2,34,Sergio,Llull,
2009,2,35,DaJuan,Summers,
2009,2,36,Sam,Young,
2009,2,37,DeJuan,Blair,
2009,2,38,Jon,Brockman,
2009,2,39,Jonas,Jerebko,
2009,2,40,Derrick,Brown,
2009,2,41,Jodie,Meeks,
2009,2,42,Patrick,Beverley,
2009,2,43,Marcus,Thornton,
2009,2,44,Chase,Budinger,
2009,2,45,Nick,Calathes,
2009,2,46,Danny,Green,
2009,2,47,Henk,Norel,
2009,2,48,Taylor,Griffin,
2009,2,49,Sergiy,Gladyr,
2009,2,50,Goran,Suton,
2009,2,51,Jack,McClinton,
2009,2,52,AJ,Price,
2009,2,53,Nando,deColo,
2009,2,54,Robert,Vaden,
2009,2,55,Patty,Mills,
2009,2,56,Ahmad,Nivins,
2009,2,57,Emir,Preldzic,
2009,2,58,Lester,Hudson,
2009,2,59,Chinemelu,Elonu,
2009,2,60,Robert,Dozier,
2010,1,1,John,Wall,
2010,1,2,Evan,Turner,
2010,1,3,Derrick,Favors,
2010,1,4,Wesley,Johnson,
2010,1,5,DeMarcus,Cousins,
2010,1,6,Ekpe,Udoh,
2010,1,7,Greg,Monroe,
2010,1,8,Al-Farouq,Aminu,
2010,1,9,Gordon,Hayward,
2010,1,10,Paul,George,
2010,1,11,Cole,Aldrich,
2010,1,12,Xavier,Henry,
2010,1,13,Ed,Davis,
2010,1,14,Patrick,Patterson,
2010,1,15,Larry,Sanders,
2010,1,16,Luke,Babbitt,
2010,1,17,Kevin,Seraphin,
2010,1,18,Eric,Bledsoe,
2010,1,19,Avery,Bradley,
2010,1,20,James,Anderson,
2010,1,21,Craig,Brackins,
2010,1,22,Elliot,Williams,
2010,1,23,Trevor,Booker,
2010,1,24,Damion,James,
2010,1,25,Dominique,Jones,
2010,1,26,Quincy,Pondexter,
2010,1,27,Jordan,Crawford,
2010,1,28,Greivis,Vasquez,
2010,1,29,Daniel,Orton,
2010,1,30,Lazar,Hayward,
2010,2,31,Tibor,Pleiss,
2010,2,32,Dexter,Pittman,
2010,2,33,Hassan,Whiteside,
2010,2,34,Armon,Johnson,
2010,2,35,Nemanja,Bjelica,
2010,2,36,Terrico,White,
2010,2,37,Darington,Hobson,
2010,2,38,Andy,Rautins,
2010,2,39,Landry,Fields,
2010,2,40,Lance,Stephenson,
2010,2,41,Jarvis,Varnado,
2010,2,42,DaSean,Butler,
2010,2,43,Devin,Ebanks,
2010,2,44,Jerome,Jordan,
2010,2,45,Paulao,Prestes,
2010,2,46,Gani,Lawal,
2010,2,47,Tiny,Gallon,
2010,2,48,Latavious,Williams,
2010,2,49,Ryan,Richards,
2010,2,50,Solomon,Alabi,
2010,2,51,Magnum,Rolle,
2010,2,52,Luke,Harangody,
2010,2,53,Pape,Sy,
2010,2,54,Willie,Warren,
2010,2,55,Jeremy,Evans,
2010,2,56,Hamady,Ndiaye,
2010,2,57,Ryan,Reid,
2010,2,58,Derrick,Caracter,
2010,2,59,Stanley,Robinson,
2010,2,60,Dwayne,Collins,
1997,1,1,Tim,Duncan,
1997,1,2,Keith,VanHorn,
1997,1,3,Chauncey,Billups,
2011,1,1,Kyrie,Irving,
2011,1,2,Derrick,Williams,
2011,1,3,Enes,Kanter,
2011,1,4,Tristan,Thompson,
2011,1,5,Jonas,Valanciunas,
2011,1,6,Jan,Vesely,
2011,1,7,Bismack,Biyombo,
2011,1,8,Brandon,Knight,
2011,1,9,Kemba,Walker,
2011,1,10,Jimmer,Fredette,
2011,1,11,Klay,Thompson,
2011,1,12,Alec,Burks,
2011,1,13,Markieff,Morris,
2011,1,14,Marcus,Morris,
2011,1,15,Kawhi,Leonard,
2011,1,16,Nikola,Vucevic,
2011,1,17,Iman,Shumpert,
2011,1,18,Chris,Singleton,
2011,1,19,Tobias,Harris,
2011,1,20,Donatas,Motiejunas,
2011,1,21,Nolan,Smith,
2011,1,22,Kenneth,Faried,
2011,1,23,Nikola,Mirotic,
2011,1,24,Reggie,Jackson,
2011,1,25,MarShon,Brooks,
2011,1,26,Jordan,Hamilton,
2011,1,27,JaJuan,Johnson,
2011,1,28,Norris,Cole,
2011,1,29,Cory,Joseph,
2011,1,30,Jimmy,Butler,
2011,2,31,Bojan,Bogdanovic,
2011,2,32,Justin,Harper,
2011,2,33,Kyle,Singler,
2011,2,34,Shelvin,Mack,
2011,2,35,Tyler,Honeycutt,
2011,2,36,Jordan,Williams,
2011,2,37,Trey,Thompkins,
2011,2,38,Chandler,Parsons,
2011,2,39,Jeremy,Tyler,
2011,2,40,Jon,Leuer,
2011,2,41,Darius,Morris,
2011,2,42,Davis,Bertans,
2011,2,43,Malcolm,Lee,
2011,2,44,Charles,Jenkins,
2011,2,45,Josh,Harrellson,
2011,2,46,Andrew,Goudelock,
2011,2,47,Travis,Leslie,
2011,2,48,Keith,Benson,
2011,2,49,Josh,Selby,
2011,2,50,Lavoy,Allen,
2011,2,51,Jon,Diebler,
2011,2,52,Vernon,Macklin,
2011,2,53,DeAndre,Liggins,
2011,2,54,Milan,Macvan,
2011,2,55,Etwaun,Moore,
2011,2,56,Chukwudiebere,Maduabum,
2011,2,57,Tanguy,Ngombo,
2011,2,58,Ater,Majok,
2011,2,59,Adam,Hanga,
2011,2,60,Isaiah,Thomas,
2012,1,1,Anthony,Davis,
2012,1,2,Michael,Kidd-Gilchrist,
2012,1,3,Bradley,Beal,
2012,1,4,Dion,Waiters,
2012,1,5,Thomas,Robinson,
2012,1,6,Damian,Lillard,
2012,1,7,Harrison,Barnes,
2012,1,8,Terrence,Ross,
2012,1,9,Andre,Drummond,
2012,1,10,Austin,Rivers,
2012,1,11,Meyers,Leonard,
2012,1,12,Jeremy,Lamb,
2012,1,13,Kendall,Marshall,
2012,1,14,John,Henson,
2012,1,15,Maurice,Harkless,
2012,1,16,Royce,White,
2012,1,17,Tyler,Zeller,
2012,1,18,Terrence,Jones,
2012,1,19,Andrew,Nicholson,
2012,1,20,Evan,Fournier,
2012,1,21,Jared,Sullinger,
2012,1,22,Fab,Melo,
2012,1,23,John,Jenkins,
2012,1,24,Jared,Cunningham,
2012,1,25,Tony,Wroten,
2012,1,26,Miles,Plumlee,
2012,1,27,Arnett,Moultrie,
2012,1,28,Perry,JonesIII,
2012,1,29,Marquis,Teague,
2012,1,30,Festus,Ezeli,
2012,2,31,Jeffery,Taylor,
2012,2,32,Tomas,Satoransky,
2012,2,33,Bernard,James,
2012,2,34,Jae,Crowder,
2012,2,35,Draymond,Green,
2012,2,36,Orlando,Johnson,
2012,2,37,Quincy,Acy,
2012,2,38,Quincy,Miller,
2012,2,39,Khris,Middleton,
2012,2,40,Will,Barton,
2012,2,41,Tyshawn,Taylor,
2012,2,42,Doron,Lamb,
2012,2,43,Mike,Scott,
2012,2,44,Kim,English,
2012,2,45,Justin,Hamilton,
2012,2,46,Darius,Miller,
2012,2,47,Kevin,Murphy,
2012,2,48,Kostas,Papanikolaou,
2012,2,49,Kyle,O'Quinn,
2012,2,50,Izzet,Turkyilmaz,
2012,2,51,Kris,Joseph,
2012,2,52,Ognjen,Kuzmic,
2012,2,53,Furkan,Aldemir,
2012,2,54,Tornike,Shengelia,
2012,2,55,Darius,Johnson-Odom,
2012,2,56,Tomislav,Zubcic,
2012,2,57,?lkan,Karaman,
2012,2,58,Robbie,Hummel,
2012,2,59,Marcus,Denmon,
2012,2,60,Robert,Sacre,
2013,1,1,Anthony,Bennett,
2013,1,2,Victor,Oladipo,
2013,1,3,Otto,Porter,
2013,1,4,Cody,Zeller,
2013,1,5,Alex,Len,
2013,1,6,Nerlens,Noel,
2013,1,7,Ben,McLemore,
2013,1,8,Kentavious,Caldwell-Pope,
2013,1,9,Trey,Burke,
2013,1,10,CJ,McCollum,
2013,1,11,Michael,Carter-Williams,
2013,1,12,Steven,Adams,
2013,1,13,Kelly,Olynyk,
2013,1,14,Shabazz,Muhammad,
2013,1,15,Giannis,Antetokounmpo,
2013,1,16,Lucas,Nogueira,
2013,1,17,Dennis,Schroder,
2013,1,18,Shane,Larkin,
2013,1,19,Sergey,Karasev,
2013,1,20,Tony,Snell,
2013,1,21,Gorgui,Dieng,
2013,1,22,Mason,Plumlee,
2013,1,23,Solomon,Hill,
2013,1,24,Tim,HardawayJr,
2013,1,25,Reggie,Bullock,
2013,1,26,Andre,Roberson,
2013,1,27,Rudy,Gobert,
2013,1,28,Livio,Jean-Charles,
2013,1,29,Archie,Goodwin,
2013,1,30,Nemanja,Nedovic,
2013,2,31,Allen,Crabbe,
2013,2,32,?lex,Abrines,
2013,2,33,Carrick,Felix,
2013,2,34,Isaiah,Canaan,
2013,2,35,Glen,RiceJr,
2013,2,36,Ray,McCallumJr,
2013,2,37,Tony,Mitchell,
2013,2,38,Nate,Wolters,
2013,2,39,Jeff,Withey,
2013,2,40,Grant,Jerrett,
2013,2,41,Jamaal,Franklin,
2013,2,42,Pierre,Jackson,
2013,2,43,Ricky,Ledo,
2013,2,44,Mike,Muscala,
2013,2,45,Marko,Todorovic,
2013,2,46,Erick,Green,
2013,2,47,Raul,Neto,
2013,2,48,Ryan,Kelly,
2013,2,49,Erik,Murphy,
2013,2,50,James,Ennis,
2013,2,51,Romero,Osby,
2013,2,52,Lorenzo,Brown,
2013,2,53,Colton,Iverson,
2013,2,54,Arsalan,Kazemi,
2013,2,55,Joffrey,Lauvergne,
2013,2,56,Peyton,Siva,
2013,2,57,Alex,Oriakhi,
2013,2,58,Deshaun,Thomas,
2013,2,59,Bojan,Dubljevic,
2013,2,60,Janis,Timma,
2014,1,1,Andrew,Wiggins,
2014,1,2,Jabari,Parker,
2014,1,3,Joel,Embiid,
2014,1,4,Aaron,Gordon,
2014,1,5,Dante,Exum,
2014,1,6,Marcus,Smart,
2014,1,7,Julius,Randle,
2014,1,8,Nik,Stauskas,
2014,1,9,Noah,Vonleh,
2014,1,10,Elfrid,Payton,
2014,1,11,Doug,McDermott,
2014,1,12,Dario,Saric,
2014,1,13,Zach,LaVine,
2014,1,14,TJ,Warren,
2014,1,15,Adreian,Payne,
2014,1,16,Jusuf,Nurkic,
2014,1,17,James,Young,
2014,1,18,Tyler,Ennis,
2014,1,19,Gary,Harris,
2014,1,20,Bruno,Caboclo,
2014,1,21,Mitch,McGary,
2014,1,22,Jordan,Adams,
2014,1,23,Rodney,Hood,
2014,1,24,Shabazz,Napier,
2014,1,25,Clint,Capela,
2014,1,26,PJ,Hairston,
2014,1,27,Bogdan,Bogdanovic,
2014,1,28,CJ,Wilcox,
2014,1,29,Josh,Huestis,
2014,1,30,Kyle,Anderson,
2014,2,31,Damien,Inglis,
2014,2,32,KJ,McDaniels,
2014,2,33,Joe,Harris,
2014,2,34,Cleanthony,Early,
2014,2,35,Jarnell,Stokes,
2014,2,36,Johnny,O'BryantIII,
2014,2,37,DeAndre,Daniels,
2014,2,38,Spencer,Dinwiddie,
2014,2,39,Jerami,Grant,
2014,2,40,Glenn,RobinsonIII,
2014,2,41,Nikola,Jokic,
2014,2,42,Nick,Johnson,
2014,2,43,Walter,Tavares,
2014,2,44,Markel,Brown,
2014,2,45,Dwight,Powell,
2014,2,46,Jordan,Clarkson,
2014,2,47,Russ,Smith,
2014,2,48,Lamar,Patterson,
2014,2,49,Cameron,Bairstow,
2014,2,50,Alec,Brown,
2014,2,51,Thanasis,Antetokounmpo,
2014,2,52,Vasilije,Micic,
2014,2,53,Alessandro,Gentile,
2014,2,54,Nemanja,Dangubic,
2014,2,55,Semaj,Christon,
2014,2,56,Devyn,Marble,
2014,2,57,Louis,Labeyrie,
2014,2,58,Jordan,McRae,
2014,2,59,Xavier,Thames,
2014,2,60,Cory,Jefferson,
2015,1,1,Karl-Anthony,Towns,
2015,1,2,DAngelo,Russell,
2015,1,3,Jahlil,Okafor,
2015,1,4,Kristaps,Porzingis,
2015,1,5,Mario,Hezonja,
2015,1,6,Willie,Cauley-Stein,
2015,1,7,Emmanuel,Mudiay,
2015,1,8,Stanley,Johnson,
2015,1,9,Frank,Kaminsky,
2015,1,10,Justise,Winslow,
2015,1,11,Myles,Turner,
2015,1,12,Trey,Lyles,
2015,1,13,Devin,Booker,
2015,1,14,Cameron,Payne,
2015,1,15,Kelly,OubreJr.,
2015,1,16,Terry,Rozier,
2015,1,17,Rashad,Vaughn,
2015,1,18,Sam,Dekker,
2015,1,19,Jerian,Grant,
2015,1,20,Delon,Wright,
2015,1,21,Justin,Anderson,
2015,1,22,Bobby,Portis,
2015,1,23,Rondae,Hollis-Jefferson,
2015,1,24,Tyus,Jones,
2015,1,25,Jarell,Martin,
2015,1,26,Nikola,Milutinov,
2015,1,27,Larry,NanceJr.,
2015,1,28,RJ,Hunter,
2015,1,29,Chris,McCullough,
2015,1,30,Kevon,Looney,
2015,2,31,Cedi,Osman,
2015,2,32,Montrezl,Harrell,
2015,2,33,Jordan,Mickey,
2015,2,34,Anthony,Brown,
2015,2,35,Willy,Hernangomez,
2015,2,36,Rakeem,Christmas,
2015,2,37,Richaun,Holmes,
2015,2,38,Darrun,Hilliard,
2015,2,39,JuanPablo,Vaulet,
2015,2,40,Josh,Richardson,
2015,2,41,Pat,Connaughton,
2015,2,42,Olivier,Hanlan,
2015,2,43,Joseph,Young,
2015,2,44,Andrew,Harrison,
2015,2,45,Marcus,Thornton,
2015,2,46,Norman,Powell,
2015,2,47,Arturas,Gudaitis,
2015,2,48,Dakari,Johnson,
2015,2,49,Aaron,White,
2015,2,50,Marcus,Eriksson,
2015,2,51,Tyler,Harvey,
2015,2,52,SatnamSingh,Bhamara,
2015,2,53,SirDominic,Pointer,
2015,2,54,Dani,Diez,
2015,2,55,Cady,Lalanne,
2015,2,56,Branden,Dawson,
2015,2,57,Nikola,Radicevic,
2015,2,58,JP,Tokoto,
2015,2,59,Dimitrios,Agravanis,
2015,2,60,Luka,Mitrovic,
2016,1,1,Ben,Simmons,
2016,1,2,Brandon,Ingram,
2016,1,3,Jaylen,Brown,
2016,1,4,Dragan,Bender,
2016,1,5,Kris,Dunn,
2016,1,6,Buddy,Hield,
2016,1,7,Jamal,Murray,
2016,1,8,Marquese,Chriss,
2016,1,9,Jakob,Poltl,
2016,1,10,Thon,Maker,
2016,1,11,Domantas,Sabonis,
2016,1,12,Taurean,Prince,
2016,1,13,Georgios,Papagiannis,
2016,1,14,Denzel,Valentine,
2016,1,15,Juan,Hernangomez,
2016,1,16,Guerschon,Yabusele,
2016,1,17,Wade,BaldwinIV,
2016,1,18,Henry,Ellenson,
2016,1,19,Malik,Beasley,
2016,1,20,Caris,LeVert,
2016,1,21,DeAndre,Bembry,
2016,1,22,Malachi,Richardson,
2016,1,23,Ante,Zizic,
2016,1,24,Timothe,Luwawu-Cabarrot,
2016,1,25,Brice,Johnson,
2016,1,26,Furkan,Korkmaz,
2016,1,27,Pascal,Siakam,
2016,1,28,Skal,Labissiere,
2016,1,29,Dejounte,Murray,
2016,1,30,Damian,Jones,
2016,2,31,Deyonta,Davis,
2016,2,32,Ivica,Zubac,
2016,2,33,Cheick,Diallo,
2016,2,34,Tyler,Ulis,
2016,2,35,Rade,Zagorac,
2016,2,36,Malcolm,Brogdon,
2016,2,37,Chinanu,Onuaku,
2016,2,38,Patrick,McCaw,
2016,2,39,David,Michineau,
2016,2,40,Diamond,Stone,
2016,2,41,Stephen,Zimmerman,
2016,2,42,Isaiah,Whitehead,
2016,2,43,Qi,Zhou,
2016,2,44,Isaia,Cordinier,
2016,2,45,Demetrius,Jackson,
2016,2,46,AJ,Hammons,
2016,2,47,Jake,Layman,
2016,2,48,Paul,Zipser,
2016,2,49,Michael,Gbinije,
2016,2,50,Georges,Niang,
2016,2,51,Ben,Bentil,
2016,2,52,Joel,Bolomboy,
2016,2,53,Petr,Cornelie,
2016,2,54,Kay,Felder,
2016,2,55,Marcus,Paige,
2016,2,56,Daniel,Hamilton,
2016,2,57,Zhelin,Wang,
2016,2,58,Abdel,Nader,
2016,2,59,Isaiah,Cousins,
2016,2,60,Tyrone,Wallace,
2017,1,1,Markelle,Fultz,
2017,1,2,Lonzo,Ball,
2017,1,3,Jayson,Tatum,
2017,1,4,Josh,Jackson,
2017,1,5,DeAaron,Fox,
2017,1,6,Jonathan,Isaac,
2017,1,7,Lauri,Markkanen,
2017,1,8,Frank,Ntilikina,
2017,1,9,Dennis,SmithJr.,
2017,1,10,Zach,Collins,
2017,1,11,Malik,Monk,
2017,1,12,Luke,Kennard,
2017,1,13,Donovan,Mitchell,
2017,1,14,Bam,Adebayo,
2017,1,15,Justin,Jackson,
2017,1,16,Justin,Patton,
2017,1,17,DJ,Wilson,
2017,1,18,TJ,Leaf,
2017,1,19,John,Collins,
2017,1,20,Harry,Giles,
2017,1,21,Terrance,Ferguson,
2017,1,22,Jarrett,Allen,
2017,1,23,OG,Anunoby,
2017,1,24,Tyler,Lydon,
2017,1,25,Anzejs,Pasecniks,
2017,1,26,Caleb,Swanigan,
2017,1,27,Kyle,Kuzma,
2017,1,28,Tony,Bradley,
2017,1,29,Derrick,White,
2017,1,30,Josh,Hart,
2017,2,31,Frank,Jackson,
2017,2,32,Davon,Reed,
2017,2,33,Wes,Iwundu,
2017,2,34,Frank,MasonIII,
2017,2,35,Ivan,Rabb,
2017,2,36,Jonah,Bolden,
2017,2,37,Semi,Ojeleye,
2017,2,38,Jordan,Bell,
2017,2,39,Jawun,Evans,
2017,2,40,Dwayne,Bacon,
2017,2,41,Tyler,Dorsey,
2017,2,42,Thomas,Bryant,
2017,2,43,Isaiah,Hartenstein,
2017,2,44,Damyean,Dotson,
2017,2,45,Dillon,Brooks,
2017,2,46,Sterling,Brown,
2017,2,47,Ike,Anigbogu,
2017,2,48,Sindarius,Thornwell,
2017,2,49,Vlatko,Cancar,
2017,2,50,Mathias,Lessort,
2017,2,51,Monte,Morris,
2017,2,52,Edmond,Sumner,
2017,2,53,Kadeem,Allen,
2017,2,54,Alec,Peters,
2017,2,55,Nigel,Williams-Goss,
2017,2,56,Jabari,Bird,
2017,2,57,Sasha,Vezenkov,
2017,2,58,Ognjen,Jaramaz,
2017,2,59,Jaron,Blossomgame,
2017,2,60,Alpha,Kaba,
2018,1,1,Deandre,Ayton,
2018,1,2,Marvin,Bagley,
2018,1,3,Luka,Doncic,
2018,1,4,Jaren,Jackson,
2018,1,5,Trae,Young,
2018,1,6,Mohamed,Bamba,
2018,1,7,Wendell,Carter,
2018,1,8,Collin,Sexton,
2018,1,9,Kevin,Knox,
2018,1,10,Mikal,Bridges,
2018,1,11,Shai,Gilgeous-Alexander,
2018,1,12,Miles,Bridges,
2018,1,13,Jerome,Robinson,
2018,1,14,Michael,Porter,
2018,1,15,Troy,Brown,
2018,1,16,Zhaire,Smith,
2018,1,17,Donte,DiVincenzo,
2018,1,18,Lonnie,Walker,
2018,1,19,Kevin,Huerter,
2018,1,20,Josh,Okogie,
2018,1,21,Grayson,Allen,
2018,1,22,Chandler,Hutchison,
2018,1,23,Aaron,Holiday,
2018,1,24,Anfernee,Simons,
2018,1,25,Moritz,Wagner,
2018,1,26,Landry,Shamet,
2018,1,27,Robert,Williams,
2018,1,28,Jacob,Evans,
2018,1,29,Musa,Dzanan,
2018,1,30,Omari,Spellman,
2018,2,31,Elie,Okobo,
2018,2,32,Jevon,Carter,
2018,2,33,Jalen,Brunson,
2018,2,34,Devonte,Graham,
2018,2,35,Melvin,Frazier,
2018,2,36,Mitchell,Robinson,
2018,2,37,Gary,Trent,
2018,2,38,Khyri,Thomas,
2018,2,39,Isaac,Bonga,
2018,2,40,Rodions,Kurucs,
2018,2,41,Jarred,Vanderbilt,
2018,2,42,Bruce,Brown,
2018,2,43,Justin,Jackson,
2018,2,44,Issuf,Sanon,
2018,2,45,Hamidou,Diallo,
2018,2,46,DeAnthony,Melton,
2018,2,47,Sviatoslav,Mykhailiuk,
2018,2,48,Keita,Bates-Diop,
2018,2,49,Chimezie,Metu,
2018,2,50,Alize,Johnson,
2018,2,51,Tony,Carr,
2018,2,52,Vince,Edwards,
2018,2,53,Devon,Hall,
2018,2,54,Shake,Milton,
2018,2,55,Arnoldas,Kulboka,
2018,2,56,Ray,Spalding,
2018,2,57,Kevin,Hervey,
2018,2,58,Thomas,Welsh,
2018,2,59,George,King,
2018,2,60,Kostas,Antetokounmpo,
