year,round,pick,player,position,school
1997,1,1,Tim Duncan,PF/C,Wake Forest
1997,1,2,"Van Horn, Keith",PF,Utah
1997,1,3,"Billups, Chauncey",PG,Colorado
1997,1,4,"Daniels, Antonio",PG,Bowling Green
1997,1,5,"Battie, Tony",C/F,Texas Tech
1997,1,6,"Mercer, Ron",SF,Kentucky
1997,1,7,"Thomas, Tim",SF,Villanova
1997,1,8,"Foyle, Adonal",C,Colgate
1997,1,9,"McGrady, Tracy",SG/SF,Mt. Zion Christian Academy
1997,1,10,"Fortson, Danny",PF,Cincinnati
1997,1,11,"Abdul-Wahad, Tariq",SF,San Jose State
1997,1,12,"Croshere, Austin",PF,Providence
1997,1,13,"Anderson, Derek",SG,Kentucky
1997,1,14,"Taylor, Maurice",PF,Michigan
1997,1,15,"Cato, Kelvin",C,Iowa State
1997,1,16,"Knight, Brevin",PG,Stanford
1997,1,17,"Taylor, Johnny",PF,Chattanooga
1997,1,18,"Anstey, Chris",PF,SE Melbourne Magic
1997,1,19,"Pollard, Scot",C,Kansas
1997,1,20,"Grant, Paul",C,Wisconsin
1997,1,21,"Parker, Anthony",SG,Bradley
1997,1,22,"Gray, Ed",PG/SG,California
1997,1,23,"Jackson, Bobby",PG,Minnesota
1997,1,24,"Rhodes, Rodrick",SG,USC
1997,1,25,"Thomas, John",C,Minnesota
1997,1,26,"Smith, Charles",SG,New Mexico
1997,1,27,"Vaughn, Jacque",PG,Kansas
1997,1,28,"Booth, Keith",SF,Maryland
1997,2,29,"Zwikker, Serge",C,North Carolina
1997,2,30,"Sanford, Mark",SF/PF,Washington
1997,2,31,"O'Bannon, Charles",PG,UCLA
1997,2,32,"Cotton, James",SF,Long Beach State
1997,2,33,"Mili?, Marko",PG/SG,Smelt Olimpija
1997,2,34,"Wells, Bubba",SF/PF,Austin Peay
1997,2,35,"Stewart, Kebu",SF/PF,Cal State Bakersfield
1997,2,36,"Collins, James",PG/SG,Florida State
1997,2,37,"Jackson, Marc",SF/PF,Temple
1997,2,38,"Honeycutt, Jerald",PF,Tulane
1997,2,39,"Johnson, Anthony",PG/SG,College of Charleston
1997,2,40,"Elisma, Ed",SF,Georgia Tech
1997,2,41,"Lawson, Jason",C,Villanova
1997,2,42,"Jackson, Stephen",SG,Butler CC
1997,2,43,"Malone, Gordon",SF,West Virginia
1997,2,44,"Henderson, Cedric",PF,Memphis
1997,2,45,"Shammgod, God",PG,Providence
1997,2,46,"Washington, Eric",SG,Alabama
1997,2,47,"Williams, Alvin",PG,Villanova
1997,2,48,"Drobnjak, Predrag",C,KK Partizan
1997,2,49,"Digbeu, Alain",SG,ASVEL Lyon-Villeurbanne
1997,2,50,"Crawford, Chris",SF,Marquette
1997,2,51,"Wheat, DeJuan",PG,Louisville
1997,2,52,"Bruton, C.J.",PG/SG,Indian Hills CC
1997,2,53,"Rogers, Paul",C,Gonzaga
1997,2,54,"Blount, Mark",C,Pittsburgh
1997,2,55,"Pepper, Ben",C,Newcastle Falcons
1997,2,56,"Erdmann, Nate",SG,Oklahoma
1997,2,57,"Due?as, Roberto",C,FC Barcelona
1998,1,1,"Olowokandi, Michael",C,Pacific
1998,1,2,"Bibby, Mike",PG,Arizona
1998,1,3,"LaFrentz, Raef",C/F,Kansas
1998,1,4,"Jamison, Antawn",F,North Carolina
1998,1,5,"Carter, Vince",G/F,North Carolina
1998,1,6,"Traylor, Robert",F/C,Michigan
1998,1,7,"Williams, Jason",PG,Florida
1998,1,8,"Hughes, Larry",SG,Saint Louis
1998,1,9,"Nowitzki, Dirk",PF,DJK W¨¹rzburg
1998,1,10,"Pierce, Paul",G/F,Kansas
1998,1,11,"Wells, Bonzi",G/F,Ball State
1998,1,12,"Doleac, Michael",C,Utah
1998,1,13,"Clark, Keon",F/C,UNLV
1998,1,14,"Dickerson, Michael",SG,Arizona
1998,1,15,"Harpring, Matt",F/G,Georgia Tech
1998,1,16,"Drew, Bryce",PG,Valpara¨ªso
1998,1,17,"Nesterovi?, Radoslav",C,Kinder Bologna
1998,1,18,"T¨¹rkcan, Mirsad",PF,Efes Pilsen
1998,1,19,"Garrity, Pat",PF,Notre Dame
1998,1,20,"McLeod, Roshown",SF,Duke
1998,1,21,"Davis, Ricky",G/F,Iowa
1998,1,22,"Skinner, Brian",F/C,Baylor
1998,1,23,"Lue, Tyronn",PG,Nebraska
1998,1,24,"L¨®pez, Felipe",SG,St. John's
1998,1,25,"Harrington, Al",F,St. Patrick's High School
1998,1,26,"Jacobson, Sam",SG,Minnesota
1998,1,27,"Stepania, Vladimir",C,Olimpija Ljubljana
1998,1,28,"Benjamin, Corey",SG,Oregon State
1998,1,29,"Mohammed, Nazr",C/F,Kentucky
1998,2,30,"Sesay, Ansu",SF,Mississippi
1998,2,31,"Patterson, Ruben",SF,Cincinnati
1998,2,32,"Lewis, Rashard",PF,Alief Elsik HS
1998,2,33,"McCoy, Jelani",F/C,UCLA
1998,2,34,"Williams, Shammond",PG,North Carolina
1998,2,35,"?undov, Bruno",C,Split
1998,2,36,"James, Jerome",C,Florida A&M
1998,2,37,"Shaw, Casey",C,Toledo
1998,2,38,"Johnson, DeMarco",PF,Charlotte
1998,2,39,"Alston, Rafer",PG,Fresno State
1998,2,40,"Young, Korleone",SF,Hargrave Military Academy
1998,2,41,"Mobley, Cuttino",SG,Rhode Island
1998,2,42,"Simon, Miles",SG,Arizona
1998,2,43,"White, Jahidi",F/C,Georgetown
1998,2,44,"Marks, Sean",PF,California
1998,2,45,"Bailey, Toby",SG,UCLA
1998,2,46,"Patterson, Andrae",SF,Indiana
1998,2,47,"Wheeler, Tyson",PG,Rhode Island
1998,2,48,"Stack, Ryan",C,South Carolina
1998,2,49,"Carr, Cory",SG,Texas Tech
1998,2,50,"Betts, Andrew",C,Long Beach State
1998,2,51,"Brewer, Corey",PG,Oklahoma
1998,2,52,"Dial, Derrick",SG,Eastern Michigan
1998,2,53,"Buckner, Greg",SG,Clemson
1998,2,54,"Fowlkes, Tremaine",SF,Fresno State
1998,2,55,"Bowen, Ryan",SF,Iowa
1998,2,56,"Henderson, J. R.",SF,UCLA
1998,2,57,"Braggs, Torraye",PF,Xavier
1998,2,58,"Baston, Maceo",PF,Michigan
1999,1,1,"Brand, Elton",PF/C,Duke
1999,1,2,"Francis, Steve",PG,Maryland
1999,1,3,"Davis, Baron",PG,UCLA
1999,1,4,"Odom, Lamar",PF/SF,Rhode Island
1999,1,5,"Bender, Jonathan",PF,Picayune Memorial HS
1999,1,6,"Szczerbiak, Wally",SG/SF,Miami (OH)
1999,1,7,"Hamilton, Richard",SG/SF,Connecticut
1999,1,8,"Miller, Andre",PG,Utah
1999,1,9,"Marion, Shawn",SF/PF,UNLV
1999,1,10,"Terry, Jason",SG/PG,Arizona
1999,1,11,"Langdon, Trajan",SG,Duke
1999,1,12,"Radojevi?, Aleksandar",C,Barton County CC
1999,1,13,"Maggette, Corey",SF/SG,Duke
1999,1,14,"Avery, William",PG,Duke
1999,1,15,"Weis, Fr¨¦d¨¦ric",C,Limoges
1999,1,16,"Artest, Ron",SF,St. John's
1999,1,17,"Bowdler, Cal",PF,Old Dominion
1999,1,18,"Posey, James",SG/SF,Xavier
1999,1,19,"Lewis, Quincy",SF,Minnesota
1999,1,20,"Glover, Dion",SG,Georgia Tech
1999,1,21,"Foster, Jeff",PF,Southwest Texas State
1999,1,22,"Thomas, Kenny",PF,New Mexico
1999,1,23,"George, Devean",SF,Augsburg
1999,1,24,"Kirilenko, Andrei",SF,CSKA Moscow
1999,1,25,"James, Tim",SF,Miami
1999,1,26,"Cummings, Vonteego",PG,Pittsburgh
1999,1,27,"Jones, Jumaine",SF,Georgia
1999,1,28,"Padgett, Scott",PF,Kentucky
1999,1,29,"Smith, Leon",PF,King College Prep HS
1999,2,30,"Celestand, John",PG,Villanova
1999,2,31,"Hill, Rico",F,Illinois State
1999,2,32,"Ruffin, Michael",PF,Tulsa
1999,2,33,"Herren, Chris",G,Fresno State
1999,2,34,"Eschmeyer, Evan",C,Northwestern
1999,2,35,"Booth, Calvin",C,Penn State
1999,2,36,"Wang Zhizhi,",C,Bayi Rockets
1999,2,37,"Ekezie, Obinna",C,Maryland
1999,2,38,"Profit, Laron",SG/SF,Maryland
1999,2,39,"Bramlett, A. J.",C,Arizona
1999,2,40,"Giri?ek, Gordan",G/F,CSKA Moscow
1999,2,41,"Elson, Francisco",C,California
1999,2,42,"Bullock, Louis",G,Michigan
1999,2,43,"Nailon, Lee",SF,TCU
1999,2,44,"Washington, Tyrone",C,Mississippi State
1999,2,45,"Robertson, Ryan",G,Kansas
1999,2,46,"Koch, J. R.",F,Iowa
1999,2,47,Macculloch,C,Washington
1999,2,48,"Young, Galen",G,Charlotte
1999,2,49,"Ketner, Lari",C,UMass
1999,2,50,"Hamilton, Venson",C,Nebraska
1999,2,51,"Smith, Antwain",F,Saint Paul's
1999,2,52,"Bergersen, Roberto",G,Boise State
1999,2,53,"Buford, Rodney",SG,Creighton
1999,2,54,"Levett, Melvin",SG,Cincinnati
1999,2,55,"Clack, Kris",G,Texas
1999,2,56,"Young, Tim",C,Stanford
1999,2,57,"Gin¨®bili, Manu",SG,Viola Reggio Calabria
1999,2,58,"Lucas, Eddie",G,Virginia Tech
2000,1,1,"Martin, Kenyon",PF,Cincinnato (Sr.)
2000,1,2,"Swift, Stromile",PF/C,LSU
2000,1,3,"Miles, Darius",SF/PF,East St. Louis HS (Illinois)
2000,1,4,"Fizer, Marcus",PF/SF,Iowa State
2000,1,5,"Miller, Mike",SF/SG,Florida
2000,1,6,"Johnson, DerMarr",SG/SF,Cincinnati
2000,1,7,"Mihm, Chris",C/PF,Texas
2000,1,8,"Crawford, Jamal",SG,Michigan
2000,1,9,"Przybilla, Joel",C,Minnesota
2000,1,10,"Dooling, Keyon",SG,Missouri
2000,1,11,Moiso,PF,UCLA
2000,1,12,"Thomas, Etan",PF/C,Syracuse
2000,1,13,"Alexander, Courtney",SG,Fresno State
2000,1,14,"Cleaves, Mateen",PG,Michigan State
2000,1,15,"Collier, Jason",C,Georgia Tech
2000,1,16,Turkoglu,SF/PF,Efes Pilsen
2000,1,17,"Mason, Desmond",SF/SG,Oklahoma State
2000,1,18,"Richardson, Quentin",SF/SG,DePaul
2000,1,19,"Magloire, Jamaal",PF/C,Kentucky
2000,1,20,"Claxton, Speedy",PG,Hofstra
2000,1,21,"Peterson, Morris",SF/SG,Michigan State
2000,1,22,"Harvey, Donnell",SF,Florida
2000,1,23,"Stevenson, DeShawn",SG,Washington Union HS
2000,1,24,"Bagari?, Dalibor",C,Benston Zagreb
2000,1,25,"Tsakalidis, Iakovos ""Jake""",C,AEK
2000,1,26,"N'Diaye, Mamadou",C,Auburn
2000,1,27,"Brezec, Primo?",C,Union Olimpija
2000,1,28,"Barkley, Erick",PG,St. John's
2000,1,29,"Madsen, Mark",PF,Stanford
2000,2,30,"Jari?, Marko",G,Paf Bologna
2000,2,31,"Langhi, Dan",PF,Vanderbilt
2000,2,32,"Guyton, A.J.",PG,Indiana
2000,2,33,"Voskuhl, Jake",C,Connecticut
2000,2,34,"El-Amin, Khalid",PG,Connecticut
2000,2,35,"Smith, Mike",F,Louisiana-Monroe
2000,2,36,"Samake, Soumaila",C,Cincinnati Stuff
2000,2,37,"House, Eddie",SG,Arizona State
2000,2,38,"N¨¢jera, Eduardo",PF,Oklahoma
2000,2,39,"Postell, Lavor",SG,St. John's
2000,2,40,Mottola,SF/PF,Utah
2000,2,41,"Carrawell, Chris",SG,Duke
2000,2,42,"Oyedeji, Olumide",PF,W¨¹rzburg
2000,2,43,"Redd, Michael",SG,Ohio State
2000,2,44,"Cardinal, Brian",PF,Purdue
2000,2,45,"Smith, Jabari",C,LSU
2000,2,46,"Hulett, DeeAndre",G,COS
2000,2,47,"Sesar, Josip",G,Cibona Zagreb
2000,2,48,"Karcher, Mark",PG,Temple
2000,2,49,"Hart, Jason",PG,Syracuse
2000,2,50,"Dickens, Kaniel",F,Idaho
2000,2,51,"Rako?evi?, Igor",G,Red Star Belgrade
2000,2,52,"Brown, Ernest",C,Indian Hills CC
2000,2,53,"McClintock, Dan",C,Northern Arizona
2000,2,54,"Hightower, Cory",G,Indian Hills CC
2000,2,55,"Porter, Chris",F,Auburn
2000,2,56,"Walls, Jaquay",G,Colorado
2000,2,57,"Penn, Scoonie",G,Ohio State
2000,2,58,"Mickeal, Pete",F,Cincinnati
2001,1,1,"Brown, Kwame",C,Glynn Academy
2001,1,2,"Chandler, Tyson",C,Dominguez HS
2001,1,3,"Gasol, Pau",PF/C,FC Barcelona
2001,1,4,"Curry, Eddy",C,Thornwood HS
2001,1,5,"Richardson, Jason",SG,Michigan State
2001,1,6,"Battier, Shane",SF,Duke
2001,1,7,"Griffin, Eddie",PF,Seton Hall
2001,1,8,"Diop, DeSagana",C,Oak Hill Academy
2001,1,9,"White, Rodney",SF/PF,Charlotte
2001,1,10,"Johnson, Joe",SG,Arkansas
2001,1,11,"Brown, Kedrick",SF,Okaloosa-Walton CC
2001,1,12,"Radmanovi?, Vladimir",PF,Red Star Belgrade
2001,1,13,"Jefferson, Richard",SF,Arizona
2001,1,14,"Murphy, Troy",PF,Notre Dame
2001,1,15,"Hunter, Steven",C,DePaul
2001,1,16,"Haston, Kirk",PF,Indiana
2001,1,17,"Bradley, Michael",PF,Villanova
2001,1,18,"Collins, Jason",C,Stanford
2001,1,19,"Randolph, Zach",PF,Michigan State
2001,1,20,"Haywood, Brendan",C,North Carolina
2001,1,21,"Forte, Joseph",SG,North Carolina
2001,1,22,"Sasser, Jeryl",SG,SMU
2001,1,23,"Armstrong, Brandon",SG,Pepperdine
2001,1,24,"L¨®pez, Ra¨²l",PG,Real Madrid
2001,1,25,"Wallace, Gerald",SF,Alabama
2001,1,26,"Dalembert, Samuel",C,Seton Hall
2001,1,27,"Tinsley, Jamaal",PG,Iowa State
2001,1,28,"Parker, Tony",PG,Paris Basket Racing
2001,1,29,Forfeited pick,None,None
2001,2,30,"Hassell, Trenton",SG,Austin Peay
2001,2,31,"Arenas, Gilbert",PG,Arizona
2001,2,32,"Cook, Omar",PG,St. John's
2001,2,33,"Solomon, Will",PG,Clemson
2001,2,34,"Morris, Terence",SF,Maryland
2001,2,35,"Scalabrine, Brian",PF,USC
2001,2,36,"Trepagnier, Jeff",SG,USC
2001,2,37,"Brown, Damone",SF,Syracuse
2001,2,38,"Okur, Mehmet",C,Efes Pilsen
2001,2,39,"Wright, Michael",PF,Arizona
2001,2,40,"Watson, Earl",PG,UCLA
2001,2,41,"Brewer, Jamison",PG,Auburn
2001,2,42,"Simmons, Bobby",F/G,DePaul
2001,2,43,"Chenowith, Eric",C,Kansas
2001,2,44,"Hill, Kyle",PG,Eastern Illinois
2001,2,45,"Lampley, Sean",SF,California
2001,2,46,"Woods, Loren",C,Arizona
2001,2,47,"Cisse, Ousmane",PF,St. Jude HS
2001,2,48,"Fotsis, Antonis",SF,Panathinaikos
2001,2,49,"Johnson, Ken",C,Ohio State
2001,2,50,"Boumtje-Boumtje, Ruben",C,Georgetown
2001,2,51,"Ford, Alton",PF,Houston
2001,2,52,"Hutson, Andre",PF,Michigan State
2001,2,53,"Collins, Jarron",F/C,Stanford
2001,2,54,"Satterfield, Kenny",PG,Cincinnati
2001,2,55,"Jeffers, Maurice",SG,Saint Louis
2001,2,56,"Javtokas, Robertas",C,Lietuvos rytas Vilnius
2001,2,57,"Jones, Alvin",C,Georgia Tech
2001,2,58,"Bracey, Bryan",SF,Oregon
2002,1,1,"Ming, Yao",C,Shanghai Sharks
2002,1,2,"Williams, Jay",PG,Duke
2002,1,3,"Dunleavy Jr., Mike",SF/SG,Duke
2002,1,4,"Gooden, Drew",PF/C,Kansas
2002,1,5,"Tskitishvili, Nikoloz",PF/C,Benetton Treviso
2002,1,6,"Wagner, Dajuan",PG,Memphis
2002,1,7,", Nen¨º",C/PF,Vasco da Gama
2002,1,8,"Wilcox, Chris",PF/C,Maryland
2002,1,9,"Stoudemire, Amar'e",PF/C,Cypress Creek HS
2002,1,10,"Butler, Caron",SF,Connecticut
2002,1,11,"Jeffries, Jared",PF/C,Indiana
2002,1,12,"Ely, Melvin",C/PF,Fresno State
2002,1,13,"Haislip, Marcus",PF,Tennessee
2002,1,14,"Jones, Fred",SG,Oregon
2002,1,15,"Nachbar, Bo?tjan",SF/PF,Benetton Treviso
2002,1,16,"Welsch, Ji?¨ª",SG/SF,Union Olimpija
2002,1,17,"Dixon, Juan",PG,Maryland
2002,1,18,"Borchardt, Curtis",C,Stanford
2002,1,19,"Humphrey, Ryan",PF,Notre Dame
2002,1,20,"Rush, Kareem",SG,Missouri
2002,1,21,"Woods, Qyntel",SF,Northeast Mississippi CC
2002,1,22,"Jacobsen, Casey",SG,Stanford
2002,1,23,"Prince, Tayshaun",SF,Kentucky
2002,1,24,"Krsti?, Nenad",C/PF,Partizan Belgrade
2002,1,25,"Williams, Frank",PG,Illinois
2002,1,26,"Salmons, John",SF/SG,Miami
2002,1,27,"Jefferies, Chris",SF,Fresno State
2002,1,28,"Dickau, Dan",PG,Gonzaga
2002,1,29,Forfeited pick,None,None
2002,2,30,"Logan, Steve",PG,Cincinnati
2002,2,31,"Mason, Jr., Roger",SG,Virginia
2002,2,32,"Archibald, Robert",PF,Illinois
2002,2,33,"Yarbrough, Vincent",SF,Tennessee
2002,2,34,"Gadzuric, Dan",C,UCLA
2002,2,35,"Boozer, Carlos",PF,Duke
2002,2,36,"Vujani?, Milo?",PG,Partizan Belgrade
2002,2,37,"Andersen, David",C,Virtus Bologna
2002,2,38,"Maddox, Tito",PG,Fresno State
2002,2,39,"Grizzard, Rod",SG,Alabama
2002,2,40,"Navarro, Juan Carlos",PG,FC Barcelona
2002,2,41,"Kasun, Mario",C,Opel Skyliners
2002,2,42,"Murray, Ronald",SG,Shaw
2002,2,43,"Jennings, Jason",C,Arkansas State
2002,2,44,"Baxter, Lonny",PF,Maryland
2002,2,45,"Clancy, Sam",PF,USC
2002,2,46,"Barnes, Matt",SF,UCLA
2002,2,47,"Sampson, Jamal",C,California
2002,2,48,"Owens, Chris",PF,Texas
2002,2,49,"Fehse, Peter",PF,Halle
2002,2,50,"Songaila, Darius",PF,Wake Forest
2002,2,51,"Kammerichs, Federico",SF,Ourense
2002,2,52,"Taylor, Marcus",PG,Michigan State
2002,2,53,"Butler, Rasual",SF,La Salle
2002,2,54,"Slay, Tamar",SG,Marshall
2002,2,55,"?ekularac, Mladen",SG,FMP ?eleznik
2002,2,56,"Scola, Luis",PF,TAU Cer¨¢mica
2002,2,57,"Holcomb, Randy",PF,San Diego State
2002,2,58,"Edwards, Corsley",PF,Central Connecticut
2003,1,1,", LeBron James",SF,St. Vincent¨CSt. Mary HS
2003,1,2,"Mili?i?, Darko",C,Hemofarm Vr?ac
2003,1,3,"Anthony, Carmelo",SF,Syracuse
2003,1,4,"Bosh, Chris",PF/C,Georgia Tech
2003,1,5,"Wade, Dwyane",SG,Marquette
2003,1,6,"Kaman, Chris",C,Central Michigan
2003,1,7,"Hinrich, Kirk",PG,Kansas
2003,1,8,"Ford, T. J.",PG,Texas
2003,1,9,"Sweetney, Michael",PF,Georgetown
2003,1,10,"Hayes, Jarvis",F/G,Georgia
2003,1,11,"Pi¨¦trus, Micka?l",G/F,Pau-Orthez
2003,1,12,"Collison, Nick",PF,Kansas
2003,1,13,"Banks, Marcus",PG,UNLV
2003,1,14,"Ridnour, Luke",PG,Oregon
2003,1,15,"Gaines, Reece",F/G,Louisville
2003,1,16,"Bell, Troy",PG,Boston College
2003,1,17,"?abarkapa, ?arko",SF,Budu?nost Podgorica
2003,1,18,"West, David",PF,Xavier
2003,1,19,"Pavlovi?, Sasha",F/G,Budu?nost Podgorica
2003,1,20,"Jones, Dahntay",SG,Duke
2003,1,21,"Diaw, Boris",PF,Pau-Orthez
2003,1,22,"Planini?, Zoran",G/F,Cibona Zagreb
2003,1,23,"Outlaw, Travis",SF,Starkville HS
2003,1,24,"Cook, Brian",PF,Illinois
2003,1,25,"Delfino, Carlos",SG,Skipper Bologna
2003,1,26,"Ebi, Ndudi",SF,Westbury Christian HS
2003,1,27,"Perkins, Kendrick",C,Ozen HS 
2003,1,28,"Barbosa, Leandro",SG,Bauru Tilibra
2003,1,29,"Howard, Josh",F/G,Wake Forest
2003,2,30,"Lampe, Maciej",PF,Complutense University of Madrid
2003,2,31,"Kapono, Jason",F/G,UCLA
2003,2,32,"Walton, Luke",SF,Arizona
2003,2,33,"Beasley, Jerome",PF,North Dakota
2003,2,34,"Schortsanitis, Sofoklis",C,Iraklis BC
2003,2,35,"Szewczyk, Szymon",PF,Braunschweig
2003,2,36,"Austin, Mario",PF,Mississippi State
2003,2,37,"Hansen, Travis",SG,BYU
2003,2,38,"Blake, Steve",PG,Maryland
2003,2,39,"Vrane?, Slavko",C,Budu?nost Podgorica
2003,2,40,"Zimmerman, Derrick",PG,Mississippi State
2003,2,41,"Green, Willie",SG,Detroit
2003,2,42,"Pachulia, Zaza",PF,?lkerspor
2003,2,43,"Bogans, Keith",SG,Kentucky
2003,2,44,"Badiane, Malick",PF,Langen
2003,2,45,"Bonner, Matt",F,Florida
2003,2,46,"Be?irovi?, Sani",SG,Virtus Bologna
2003,2,47,"Williams, Mo",PG,Alabama
2003,2,48,"Lang, James",C,Central Park Christian HS 
2003,2,49,"Jones, James",SF,Miami (Florida)
2003,2,50,"Morlende, Paccelis",PG,Dijon
2003,2,51,"Korver, Kyle",SG,Creighton
2003,2,52,"van de Hare, Remon",C,FC Barcelona
2003,2,53,"Smith, Tommy",PF,Arizona State
2003,2,54,"Sinanovi?, Ned?ad",C,Brotnjo
2003,2,55,"Rickert, Rick",PF,Minnesota
2003,2,56,"Hunter, Brandon",PF,Ohio
2003,2,57,"Yuyang, Xue",C,Hong Kong Flying Dragons
2003,2,58,"Glyniadakis, Andreas",C,AEK
2004,1,1,"Howard, Dwight",C,Southwest Atlanta Christian Academy
2004,1,2,"Okafor, Emeka",PF/C,Connecticut
2004,1,3,"Gordon, Ben",SG,Connecticut
2004,1,4,"Livingston, Shaun",PG,Peoria HS
2004,1,5,"Harris, Devin",PG,Wisconsin
2004,1,6,"Childress, Josh",G/F,Stanford
2004,1,7,"Deng, Luol",SF,Duke
2004,1,8,"Ara¨²jo, Rafael",C,BYU
2004,1,9,"Iguodala, Andre",SF,Arizona
2004,1,10,"Jackson, Luke",SF,Oregon
2004,1,11,"Biedri??, Andris",F/C,Skonto
2004,1,12,"Swift, Robert",C,Bakersfield HS
2004,1,13,"Telfair, Sebastian",PG,Lincoln HS
2004,1,14,"Humphries, Kris",PF,Minnesota
2004,1,15,"Jefferson, Al",PF/C,Prentiss HS 
2004,1,16,"Snyder, Kirk",SG,Nevada
2004,1,17,"Smith, Josh",SF,Oak Hill Academy
2004,1,18,"Smith, J. R.",SG,St. Benedict's Prep
2004,1,19,"Wright, Dorell",SF,South Kent School
2004,1,20,"Nelson, Jameer",PG,Saint Joseph's
2004,1,21,"Podkolzin, Pavel",C,Metis Varese
2004,1,22,"Khryapa, Viktor",SF,CSKA Moscow
2004,1,23,"Monia, Sergei",SG,CSKA Moscow
2004,1,24,"West, Delonte",PG,Saint Joseph's
2004,1,25,"Allen, Tony",SG,Oklahoma State
2004,1,26,"Martin, Kevin",SG,Western Carolina
2004,1,27,"Vuja?i?, Sa?a",SG,Snaidero Udine
2004,1,28,"Udrih, Beno",PG,Breil Milano
2004,1,29,"Harrison, David",C,Colorado
2004,1,,Forfeited Pick,None,None
2004,2,30,"Varej?o, Anderson",C,FC Barcelona
2004,2,31,"Vroman, Jackson",C,Iowa State
2004,2,32,"Ramos, Peter John",C,Caguas
2004,2,33,"Chalmers, Lionel",PG,Xavier
2004,2,34,"Smith, Donta",SF,Southeastern Illinois
2004,2,35,"Emmett, Andre",F/G,Texas Tech
2004,2,36,"Burks, Antonio",PG,Memphis
2004,2,37,"Ivey, Royal",PG,Texas
2004,2,38,"Duhon, Chris",PG,Duke
2004,2,39,"Miralles, Albert",PF,Roseto Basket
2004,2,40,"Reed, Justin",SF,Mississippi
2004,2,41,"Young, David",G,North Carolina Central
2004,2,42,"Sanikidze, Viktor",SF,Dijon
2004,2,43,"Ariza, Trevor",SF,UCLA
2004,2,44,"Pickett, Tim",SG,Florida State
2004,2,45,"Robinson, Bernard",SF,Michigan
2004,2,46,"Seung-Jin, Ha",C,Yonsei University
2004,2,47,"Sow, Pape",PF,Cal State Fullerton
2004,2,48,"Minard, Ricky",SG,Morehead State
2004,2,49,"Lishouk, Sergei",PF,Khimik Yuzhny
2004,2,50,"Spanoulis, Vassilis",PG,Maroussi
2004,2,51,"Drejer, Christian",SF,FC Barcelona
2004,2,52,"Sato, Romain",SG,Xavier
2004,2,53,"Freije, Matt",SF,Vanderbilt
2004,2,54,"Paulding, Rickey",SG,Missouri
2004,2,55,"Flores, Luis",PG,Manhattan
2004,2,56,"Douthit, Marcus",PF,Providence
2004,2,57,"Karaulov, Sergei",G,Skha Jakutia Yakutsk 
2004,2,58,"Stepp, Blake",PG,Gonzaga
2004,2,59,"Wright, Rashad",G,Georgia
2005,1,1,"Bogut, Andrew",C,Utah
2005,1,2,"Williams, Marvin",F,North Carolina
2005,1,3,"Williams, Deron",PG,Illinois
2005,1,4,"Paul, Chris",PG,Wake Forest
2005,1,5,"Felton, Raymond",G,North Carolina
2005,1,6,"Webster, Martell",G/F,Seattle Prep. School
2005,1,7,"Villanueva, Charlie",F,Connecticut
2005,1,8,"Frye, Channing",C,Arizona
2005,1,9,"Diogu, Ike",F,Arizona State
2005,1,10,"Bynum, Andrew",C,St. Joseph HS
2005,1,11,"V¨¢zquez, Fran",F/C,Unicaja M¨¢laga
2005,1,12,"Korolev, Yaroslav",F,CSKA Moscow
2005,1,13,"May, Sean",F,North Carolina
2005,1,14,"McCants, Rashad",G,North Carolina
2005,1,15,"Wright, Antoine",G/F,Texas A&M
2005,1,16,"Graham, Joey",F,Oklahoma State
2005,1,17,"Granger, Danny",SF,New Mexico
2005,1,18,"Green, Gerald",G/F,Gulf Shores Academy
2005,1,19,"Warrick, Hakim",F,Syracuse
2005,1,20,"Hodge, Julius",G,NC State
2005,1,21,"Robinson, Nate",G,Washington
2005,1,22,"Jack, Jarrett",G,Georgia Tech
2005,1,23,"Garc¨ªa, Francisco",G/F,Louisville
2005,1,24,"Head, Luther",G,Illinois
2005,1,25,"Petro, Johan",C,Pau-Orthez
2005,1,26,"Maxiell, Jason",F,Cincinnati
2005,1,27,"Kleiza, Linas",F,Missouri
2005,1,28,"Mahinmi, Ian",F/C,Le Havre
2005,1,29,"Simien, Wayne",F,Kansas
2005,1,30,"Lee, David",PF,Florida
2005,2,31,"Stoudamire, Salim",G,Arizona
2005,2,32,"Ewing, Daniel",G,Duke
2005,2,33,"Bass, Brandon",F,LSU
2005,2,34,"Miles, C. J.",G,Skyline HS
2005,2,35,"S¨¢nchez, Ricky",F,IMG Academy
2005,2,36,"?lyasova, Ersan",F,?lkerspor
2005,2,37,"Turiaf, Ronny",F,Gonzaga
2005,2,38,"Diener, Travis",G,Marquette
2005,2,39,"Wafer, Von",G,Florida State
2005,2,40,"Ellis, Monta",SG,Lanier HS
2005,2,41,"Uki?, Roko",G,KK Split
2005,2,42,"Taft, Chris",F,Pittsburgh
2005,2,43,"Ili?, Mile",C,KK Reflex
2005,2,44,"Andriu?kevi?ius, Martynas",C,?algiris Kaunas
2005,2,45,"Williams, Louis",SG,South Gwinnett HS
2005,2,46,"Lorbek, Erazem",F,Climamio Bologna
2005,2,47,"Wright, Bracey",G,Indiana
2005,2,48,"Gelabale, Micka?l",F,Real Madrid
2005,2,49,"Blatche, Andray",F,South Kent School
2005,2,50,"Gomes, Ryan",F,Providence
2005,2,51,"Whaley, Robert",C,Walsh
2005,2,52,"Hervelle, Axel",F,Real Madrid
2005,2,53,"Greene, Orien",G,Louisiana-Lafayette
2005,2,54,"Thompson, Dijon",G/F,UCLA
2005,2,55,"Roberts, Lawrence",F,Mississippi State
2005,2,56,"Johnson, Amir",F,Westchester HS
2005,2,57,"Gortat, Marcin",F/C,RheinEnergie K?ln
2005,2,58,"Slokar, Uro?",F,Snaidero Udine
2005,2,59,"Akyol, Cenk",G,Efes Pilsen
2005,2,60,"Acker, Alex",G,Pepperdine
2006,1,1,"Bargnani, Andrea",PF,Benetton Treviso
2006,1,2,"Aldridge, LaMarcus",PF,Texas
2006,1,3,"Morrison, Adam",SF,Gonzaga
2006,1,4,"Thomas, Tyrus",PF,LSU
2006,1,5,"Williams, Shelden",PF,Duke
2006,1,6,"Roy, Brandon",SG,Washington
2006,1,7,"Foye, Randy",SG,Villanova
2006,1,8,"Gay, Rudy",SF,Connecticut
2006,1,9,"O'Bryant, Patrick",C,Bradley
2006,1,10,"Sene, Mouhamed",C,Verviers-Pepinster
2006,1,11,"Redick, J. J.",SG,Duke
2006,1,12,"Armstrong, Hilton",C,Connecticut
2006,1,13,"Sefolosha, Thabo",SG,Angelico Biella
2006,1,14,"Brewer, Ronnie",SG,Arkansas
2006,1,15,"Simmons, Cedric",SF,NC State
2006,1,16,"Carney, Rodney",SF,Memphis
2006,1,17,"Williams, Shawne",PF,Memphis
2006,1,18,"Pecherov, Oleksiy",C,BC Kyiv
2006,1,19,"Douby, Quincy",G,Rutgers
2006,1,20,"Balkman, Renaldo",F,South Carolina
2006,1,21,"Rondo, Rajon",PG,Kentucky
2006,1,22,"Williams, Marcus",G,Connecticut
2006,1,23,"Boone, Josh",F,Connecticut
2006,1,24,"Lowry, Kyle",PG,Villanova
2006,1,25,"Brown, Shannon",G,Michigan State
2006,1,26,"Farmar, Jordan",G,UCLA
2006,1,27,"Rodr¨ªguez, Sergio",G,Adecco Estudiantes
2006,1,28,"Ager, Maurice",G,Michigan State
2006,1,29,"Collins, Mardy",G,Temple
2006,1,30,"Freeland, Joel",F,Gran Canaria
2006,2,31,"White, James",G,Cincinnati
2006,2,32,"Novak, Steve",SF,Marquette
2006,2,33,"Jones, Solomon",F,South Florida
2006,2,34,"Davis, Paul",C,Michigan State
2006,2,35,"Tucker, P.J.",F,Texas
2006,2,36,"Smith, Craig",F,Boston College
2006,2,37,"Jones, Bobby",F,Washington
2006,2,38,"Perovi?, Kosta",C,Partizan Belgrade
2006,2,39,"Noel, David",F,North Carolina
2006,2,40,"Brown, Denham",G,Connecticut
2006,2,41,"Augustine, James",F,Illinois
2006,2,42,"Gibson, Daniel",G,Texas
2006,2,43,"Vinicius, Marcus",F,Objetivo S?o Carlos
2006,2,44,"Eliyahu, Lior",F,Hapoel Galil Elyon
2006,2,45,"Johnson, Alexander",F,Florida State
2006,2,46,"Brown, Dee",G,Illinois
2006,2,47,"Millsap, Paul",PF,Louisiana Tech
2006,2,48,"Veremeenko, Vladimir",F,Dynamo St. Petersburg
2006,2,49,"Powe, Leon",F,California
2006,2,50,"Hollins, Ryan",C,UCLA
2006,2,51,"Samb, Cheikh",C,WTC Cornell¨¤
2006,2,52,"Diaz, Guillermo",G,Miami (FL)
2006,2,53,"Halperin, Yotam",G,Union Olimpija
2006,2,54,"Adams, Hassan",G,Arizona
2006,2,55,"Ugboaja, Ejike",F,Union Bank Lagos
2006,2,56,"Bav?i?, Edin",F,ASA BH Telecom
2006,2,57,"Mavrokefalidis, Loukas",C,PAOK
2006,2,58,"Pinnock, J. R.",G,George Washington
2006,2,59,"Markota, Damir",F,Cibona Zagreb
2006,2,60,"Blalock, Will",G,Iowa State
2007,1,1,"Oden, Greg",C,Ohio State
2007,1,2,"Durant, Kevin",SF,Texas
2007,1,3,"Horford, Al",C,Florida
2007,1,4,"Conley, Mike",PG,Ohio State
2007,1,5,"Green, Jeff",SF,Georgetown
2007,1,6,"Yi, Jianlian",PF,Guangdong Southern Tigers
2007,1,7,"Brewer, Corey",SF,Florida
2007,1,8,"Wright, Brandan",PF,North Carolina
2007,1,9,"Noah, Joakim",C,Florida
2007,1,10,"Hawes, Spencer",C,Washington
2007,1,11,"Law, Acie",PG,Texas A&M
2007,1,12,"Young, Thaddeus",PF,Georgia Tech
2007,1,13,"Wright, Julian",SF,Kansas
2007,1,14,"Thornton, Al",SF,Florida State
2007,1,15,"Stuckey, Rodney",SG,Eastern Washington
2007,1,16,"Young, Nick",SG,USC
2007,1,17,"Williams, Sean",PF,Boston College
2007,1,18,"Belinelli, Marco",SG,Fortitudo Bologna
2007,1,19,"Crittenton, Javaris",PG,Georgia Tech
2007,1,20,"Smith, Jason",PF,Colorado State
2007,1,21,"Cook, Daequan",SG,Ohio State
2007,1,22,"Dudley, Jared",SF,Boston College
2007,1,23,"Chandler, Wilson",SF,DePaul
2007,1,24,"Fern¨¢ndez, Rudy",SG,Joventut Badalona
2007,1,25,"Almond, Morris",SG,Rice
2007,1,26,"Brooks, Aaron",PG,Oregon
2007,1,27,"Afflalo, Arron",SG,UCLA
2007,1,28,"Splitter, Tiago",C,TAU Cer¨¢mica
2007,1,29,"Tucker, Alando",SF,Wisconsin
2007,1,30,"Koponen, Petteri",SG,Tapiolan Honka
2007,2,31,"Landry, Carl",PF,Purdue
2007,2,32,"Pruitt, Gabe",PG,USC
2007,2,33,"Williams, Marcus",SF,Arizona
2007,2,34,"Fazekas, Nick",PF,Nevada
2007,2,35,"Davis, Glen",PF,LSU
2007,2,36,"Davidson, Jermareo",PF,Alabama
2007,2,37,"McRoberts, Josh",PF,Duke
2007,2,38,"Fesenko, Kyrylo",C,SK Cherkassy
2007,2,39,"Bara?, Stanko",C,?iroki Brijeg
2007,2,40,"Sun, Yue",SF,Beijing Olympians
2007,2,41,"Richard, Chris",PF,Florida
2007,2,42,"Byars, Derrick",SG,Vanderbilt
2007,2,43,"Haluska, Adam",SG,Iowa
2007,2,44,"Terry, Reyshawn",SF,North Carolina
2007,2,45,"Jordan, Jared",PG,Marist
2007,2,46,"Lasme, Stephane",PF,Massachusetts
2007,2,47,"McGuire, Dominic",SF,Fresno State
2007,2,48,"Gasol, Marc",C,Akasvayu Girona
2007,2,49,"Gray, Aaron",C,Pittsburgh
2007,2,50,"Seibutis, Renaldas",SG,Maroussi
2007,2,51,"Curry, JamesOn",PG,Oklahoma State
2007,2,52,"Green, Taurean",PG,Florida
2007,2,53,"Nichols, Demetris",SF,Syracuse
2007,2,54,"Newley, Brad",SF,Townsville Crocodiles
2007,2,55,"Hill, Herbert",PF,Providence
2007,2,56,"Sessions, Ramon",PG,Nevada
2007,2,57,"Mejia, Sammy",SG,DePaul
2007,2,58,"Printezis, Giorgos",PF,Olympia Larissa
2007,2,59,"Strawberry, D.J.",PG,Maryland
2007,2,60,"Rakovi?, Milovan",C,Mega Ishrana
2008,1,1,"Rose, Derrick",PG,Memphis
2008,1,2,"Beasley, Michael",PF,Kansas State
2008,1,3,"Mayo, O. J.",SG,USC
2008,1,4,"Westbrook, Russell",PG,UCLA
2008,1,5,"Love, Kevin",PF,UCLA
2008,1,6,"Gallinari, Danilo",SF,Olimpia Milano
2008,1,7,"Gordon, Eric",SG,Indiana
2008,1,8,"Alexander, Joe",SF,West Virginia
2008,1,9,"Augustin, D. J.",PG,Texas
2008,1,10,"Lopez, Brook",C,Stanford
2008,1,11,"Bayless, Jerryd",PG,Arizona
2008,1,12,"Thompson, Jason",PF,Rider
2008,1,13,"Rush, Brandon",SG,Kansas
2008,1,14,"Randolph, Anthony",PF,LSU
2008,1,15,"Lopez, Robin",C,Stanford
2008,1,16,"Speights, Marreese",PF,Florida
2008,1,17,"Hibbert, Roy",C,Georgetown
2008,1,18,"McGee, Javale",C,Nevada
2008,1,19,"Hickson, J. J.",PF,NC State
2008,1,20,"Ajin?a, Alexis",C,Hy¨¨res-Toulon
2008,1,21,"Anderson, Ryan",PF,California
2008,1,22,"Lee, Courtney",SG,Western Kentucky
2008,1,23,"Koufos, Kosta",C,Ohio State
2008,1,24,"Ibaka, Serge",PF,L'Hospitalet
2008,1,25,"Batum, Nicolas",SF,Le Mans
2008,1,26,"Hill, George",PG,IUPUI
2008,1,27,"Arthur, Darrell",PF,Kansas
2008,1,28,"Greene, Dont¨¦",SF,Syracuse
2008,1,29,"White, D. J.",PF,Indiana
2008,1,30,"Giddens, J. R.",SG,New Mexico
2008,2,31,"Pekovi?, Nikola",C,Panathinaikos
2008,2,32,"Sharpe, Walter",PF,UAB
2008,2,33,"Dorsey, Joey",PF,Memphis
2008,2,34,"Chalmers, Mario",PG,Kansas
2008,2,35,"Jordan, DeAndre",C,Texas A&M
2008,2,36,"A??k, ?mer",C,Fenerbah?e ?lker
2008,2,37,"Mbah a Moute, Luc",SF,UCLA
2008,2,38,"Weaver, Kyle",SG,Washington State
2008,2,39,"Weems, Sonny",SG,Arkansas
2008,2,40,"Douglas-Roberts, Chris",SG,Memphis
2008,2,41,"Jawai, Nathan",PF,Cairns Taipans
2008,2,42,"Singletary, Sean",PG,Virginia
2008,2,43,"Ewing, Jr., Patrick",SF,Georgetown
2008,2,44,"Tomi?, Ante",C,KK Zagreb
2008,2,45,"Dragi?, Goran",PG,Union Olimpija
2008,2,46,"Plaisted, Trent",PF,BYU
2008,2,47,"Walker, Bill",SG,Kansas State
2008,2,48,"Hairston, Malik",SG,Oregon
2008,2,49,"Hendrix, Richard",PF,Alabama
2008,2,50,"Hardin, DeVon",C,California
2008,2,51,"Foster, Shan",SG,Vanderbilt
2008,2,52,"Jackson, Darnell",PF,Kansas
2008,2,53,"Dragi?evi?, Tadija",PF,Red Star Belgrade
2008,2,54,"Leunen, Maarty",PF,Oregon
2008,2,55,"Taylor, Mike",PG,Idaho Stampede
2008,2,56,"Kaun, Sasha",C,Kansas
2008,2,57,"Gist, James",PF,Maryland
2008,2,58,"Crawford, Joe",SG,Kentucky
2008,2,59,"Washington, Deron",SF,Virginia Tech
2008,2,60,"Erden, Semih",C,Fenerbah?e ?lker
2009,1,1,"Griffin, Blake",PF,Oklahoma
2009,1,2,"Thabeet, Hasheem",C,Connecticut
2009,1,3,"Harden, James",SG,Arizona State
2009,1,4,"Evans, Tyreke",SG,Memphis
2009,1,5,"Rubio, Ricky",PG,DKV Joventut
2009,1,6,"Flynn, Jonny",PG,Syracuse
2009,1,7,"Curry, Stephen",PG,Davidson
2009,1,8,"Hill, Jordan",PF,Arizona
2009,1,9,"DeRozan, DeMar",SG,USC
2009,1,10,"Jennings, Brandon",PG,Lottomatica Roma
2009,1,11,"Williams, Terrence",SG,Louisville
2009,1,12,"Henderson, Gerald",SG,Duke
2009,1,13,"Hansbrough, Tyler",PF,North Carolina
2009,1,14,"Clark, Earl",SF,Louisville
2009,1,15,"Daye, Austin",SF,Gonzaga
2009,1,16,"Johnson, James",SF,Wake Forest
2009,1,17,"Holiday, Jrue",PG,UCLA
2009,1,18,"Lawson, Ty",PG,North Carolina
2009,1,19,"Teague, Jeff",PG,Wake Forest
2009,1,20,"Maynor, Eric",PG,VCU
2009,1,21,"Collison, Darren",PG,UCLA
2009,1,22,"Claver, V¨ªctor",SF,Pamesa Valencia
2009,1,23,"Casspi, Omri",SF,Maccabi Tel Aviv
2009,1,24,"Mullens, Byron",C,Ohio State
2009,1,25,"Beaubois, Rodrigue",PG,Cholet
2009,1,26,"Gibson, Taj",PF,USC
2009,1,27,"Carroll, DeMarre",SF,Missouri
2009,1,28,"Ellington, Wayne",SG,North Carolina
2009,1,29,"Douglas, Toney",PG,Florida State
2009,1,30,"Eyenga, Christian",SF,CB Prat
2009,2,31,"Pendergraph, Jeff",PF,Arizona State
2009,2,32,"Taylor, Jermaine",SG,Central Florida
2009,2,33,"Cunningham, Dante",PF,Villanova
2009,2,34,"Llull, Sergio",PG,Real Madrid
2009,2,35,"Summers, DaJuan",PF,Georgetown
2009,2,36,"Young, Sam",SF,Pittsburgh
2009,2,37,"Blair, DeJuan",PF,Pittsburgh
2009,2,38,"Brockman, Jon",PF,Washington
2009,2,39,"Jerebko, Jonas",PF,Angelico Biella
2009,2,40,"Brown, Derrick",SF,Xavier
2009,2,41,"Meeks, Jodie",SG,Kentucky
2009,2,42,"Beverley, Patrick",PG,Arkansas
2009,2,43,"Thornton, Marcus",SG,LSU
2009,2,44,"Budinger, Chase",SF,Arizona
2009,2,45,"Calathes, Nick",PG,Florida
2009,2,46,"Green, Danny",SF,North Carolina
2009,2,47,"Norel, Henk",PF,DKV Joventut
2009,2,48,"Griffin, Taylor",SF,Oklahoma
2009,2,49,"Gladyr, Sergiy",SG,MBC Mykolaiv
2009,2,50,"Suton, Goran",C,Michigan State
2009,2,51,"McClinton, Jack",SG,Miami (FL)
2009,2,52,"Price, A. J.",PG,Connecticut
2009,2,53,"de Colo, Nando",PG,Cholet
2009,2,54,"Vaden, Robert",SG,UAB
2009,2,55,"Mills, Patty",PG,Saint Mary's
2009,2,56,"Nivins, Ahmad",PF,Saint Joseph's
2009,2,57,"Preld?i?, Emir",PF,Fenerbah?e ?lker
2009,2,58,"Hudson, Lester",PG,Tennessee-Martin
2009,2,59,"Elonu, Chinemelu",PF,Texas A&M
2009,2,60,"Dozier, Robert",SF,Memphis
2010,1,1,"Wall, John",PG,Kentucky
2010,1,2,"Turner, Evan",SF/SG,Ohio State
2010,1,3,"Favors, Derrick",PF,Georgia Tech
2010,1,4,"Johnson, Wesley",SF,Syracuse
2010,1,5,"Cousins, DeMarcus",C,Kentucky
2010,1,6,"Udoh, Ekpe",C,Baylor
2010,1,7,"Monroe, Greg",PF,Georgetown
2010,1,8,"Aminu, Al-Farouq",SF,Wake Forest
2010,1,9,"Hayward, Gordon",SF,Butler
2010,1,10,"George, Paul",SF,Fresno State
2010,1,11,"Aldrich, Cole",C,Kansas
2010,1,12,"Henry, Xavier",SG,Kansas
2010,1,13,"Davis, Ed",PF,North Carolina
2010,1,14,"Patterson, Patrick",PF,Kentucky
2010,1,15,"Sanders, Larry",C,VCU
2010,1,16,"Babbitt, Luke",SF,Nevada
2010,1,17,"S¨¦raphin, K¨¦vin",PF,Cholet Basket
2010,1,18,"Bledsoe, Eric",PG,Kentucky
2010,1,19,"Bradley, Avery",SG,Texas
2010,1,20,"Anderson, James",SG,Oklahoma State
2010,1,21,"Brackins, Craig",PF,Iowa State
2010,1,22,"Williams, Elliot",SG,Memphis
2010,1,23,"Booker, Trevor",PF,Clemson
2010,1,24,"James, Damion",SF,Texas
2010,1,25,"Jones, Dominique",SG,USF
2010,1,26,"Pondexter, Quincy",SF,Washington
2010,1,27,"Crawford, Jordan",SG,Xavier
2010,1,28,"V¨¢squez, Greivis",PG,Maryland
2010,1,29,"Orton, Daniel",C,Kentucky
2010,1,30,"Hayward, Lazar",SF,Marquette
2010,2,31,"Plei?, Tibor",C,Brose Bamberg
2010,2,32,"Pittman, Dexter",C,Texas
2010,2,33,"Whiteside, Hassan",C,Marshall
2010,2,34,"Johnson, Armon",PG,Nevada
2010,2,35,"Bjelica, Nemanja",SF,Red Star Belgrade
2010,2,36,"White, Terrico",SG,Ole Miss
2010,2,37,"Hobson, Darington",SF,New Mexico
2010,2,38,"Rautins, Andy",SG,Syracuse
2010,2,39,"Fields, Landry",SG,Stanford
2010,2,40,"Stephenson, Lance",SG,Cincinnati
2010,2,41,"Varnado, Jarvis",PF,Mississippi State
2010,2,42,"Butler, Da'Sean",SF,West Virginia
2010,2,43,"Ebanks, Devin",SF,West Virginia
2010,2,44,"Jordan, Jerome",C,Tulsa
2010,2,45,"Prestes, Paul?o",C,CB Murcia
2010,2,46,"Lawal, Gani",PF,Georgia Tech
2010,2,47,"Gallon, Tiny",PF,Oklahoma
2010,2,48,"Williams, Latavious",SF,Tulsa 66ers
2010,2,49,"Richards, Ryan",PF,CB Gran Canaria
2010,2,50,"Alabi, Solomon",C,Florida State
2010,2,51,"Rolle, Magnum",PF,Louisiana Tech
2010,2,52,"Harangody, Luke",PF,Notre Dame
2010,2,53,"Sy, Pape",SF,STB Le Havre
2010,2,54,"Warren, Willie",PG,Oklahoma
2010,2,55,"Evans, Jeremy",PF,WKU
2010,2,56,"Ndiaye, Hamady",C,Rutgers
2010,2,57,"Reid, Ryan",PF,Florida State
2010,2,58,"Caracter, Derrick",PF,UTEP
2010,2,59,"Robinson, Stanley",SF,Connecticut
2010,2,60,"Collins, Dwayne",PF,Miami
2011,1,1,"Irving, Kyrie",PG,Duke
2011,1,2,"Williams, Derrick",SF/PF,Arizona
2011,1,3,"Kanter, Enes",C,Kentucky
2011,1,4,"Thompson, Tristan",C/PF,Texas
2011,1,5,"Valan?i¨±nas, Jonas",C,Lietuvos rytas Vilnius
2011,1,6,"Vesel?, Jan",PF,Partizan Belgrade
2011,1,7,"Biyombo, Bismack",C,Fuenlabrada
2011,1,8,"Knight, Brandon",PG,Kentucky
2011,1,9,"Walker, Kemba",PG,Connecticut
2011,1,10,"Fredette, Jimmer",PG/SG,BYU
2011,1,11,"Thompson, Klay",SG,Washington State
2011,1,12,"Burks, Alec",SG,Colorado
2011,1,13,"Morris, Markieff",PF,Kansas
2011,1,14,"Morris, Marcus",PF/SF,Kansas
2011,1,15,"Leonard, Kawhi",SF,San Diego State
2011,1,16,"Vu?evi?, Nikola",C,USC
2011,1,17,"Shumpert, Iman",SG,Georgia Tech
2011,1,18,"Singleton, Chris",SF,Florida State
2011,1,19,"Harris, Tobias",SF,Tennessee
2011,1,20,"Motiej¨±nas, Donatas",PF,Benetton Treviso
2011,1,21,"Smith, Nolan",PG,Duke
2011,1,22,"Faried, Kenneth",PF,Morehead State
2011,1,23,"Miroti?, Nikola",PF,Real Madrid
2011,1,24,"Jackson, Reggie",PG,Boston College
2011,1,25,"Brooks, MarShon",SG,Providence
2011,1,26,"Hamilton, Jordan",SG,Texas
2011,1,27,"Johnson, JaJuan",PF,Purdue
2011,1,28,"Cole, Norris",PG,Cleveland State
2011,1,29,"Joseph, Cory",PG,Texas
2011,1,30,"Butler, Jimmy",SG,Marquette
2011,2,31,"Bogdanovi?, Bojan",SF/SG,Cibona Zagreb
2011,2,32,"Harper, Justin",PF,Richmond
2011,2,33,"Singler, Kyle",SF,Duke
2011,2,34,"Mack, Shelvin",PG,Butler
2011,2,35,"Honeycutt, Tyler",SF,UCLA
2011,2,36,"Williams, Jordan",PF,Maryland
2011,2,37,"Thompkins, Trey",PF,Georgia
2011,2,38,"Parsons, Chandler",SF,Florida
2011,2,39,"Tyler, Jeremy",PF,Tokyo Apache
2011,2,40,"Leuer, Jon",PF,Wisconsin
2011,2,41,"Morris, Darius",PG,Michigan
2011,2,42,"Bert¨¡ns, D¨¡vis",SF,Union Olimpija
2011,2,43,"Lee, Malcolm",SG,UCLA
2011,2,44,"Jenkins, Charles",PG,Hofstra
2011,2,45,"Harrellson, Josh",C,Kentucky
2011,2,46,"Goudelock, Andrew",PG,College of Charleston
2011,2,47,"Leslie, Travis",SG,Georgia
2011,2,48,"Benson, Keith",C,Oakland
2011,2,49,"Selby, Josh",PG,Kansas
2011,2,50,"Allen, Lavoy",PF,Temple
2011,2,51,"Diebler, Jon",SG,Ohio State
2011,2,52,"Macklin, Vernon",PF,Florida
2011,2,53,"Liggins, DeAndre",SG,Kentucky
2011,2,54,"Macvan, Milan",PF,Maccabi Tel Aviv
2011,2,55,"Moore, Etwaun",SG,Purdue
2011,2,56,"Maduabum, Chukwudiebere",PF,Bakersfield Jam
2011,2,57,"Ngombo, Tanguy",SF,Al Rayyan
2011,2,58,"Majok, Ater",PF,Gold Coast Blaze
2011,2,59,"Hanga, ?d¨¢m",SG,Albacomp
2011,2,60,"Thomas, Isaiah",PG,Washington
2012,1,1,"Davis, Anthony",PF/C,Kentucky
2012,1,2,"Kidd-Gilchrist, Michael",SF,Kentucky
2012,1,3,"Beal, Bradley",SG,Florida
2012,1,4,"Waiters, Dion",SG,Syracuse
2012,1,5,"Robinson, Thomas",PF,Kansas
2012,1,6,"Lillard, Damian",PG,Weber St.
2012,1,7,"Barnes, Harrison",SF,North Carolina
2012,1,8,"Ross, Terrence",SG,Washington
2012,1,9,"Drummond, Andre",C,Connecticut
2012,1,10,"Rivers, Austin",SG,Duke
2012,1,11,"Leonard, Meyers",C,Illinois
2012,1,12,"Lamb, Jeremy",SG,Connecticut
2012,1,13,"Marshall, Kendall",PG,North Carolina
2012,1,14,"Henson, John",PF,North Carolina
2012,1,15,"Harkless, Maurice",SF,St. John's
2012,1,16,"White, Royce",PF,Iowa St.
2012,1,17,"Zeller, Tyler",C,North Carolina
2012,1,18,"Jones, Terrence",PF,Kentucky
2012,1,19,"Nicholson, Andrew",PF,St. Bonaventure
2012,1,20,"Fournier, Evan",SG,Poitiers Basket
2012,1,21,"Sullinger, Jared",PF,Ohio St.
2012,1,22,"Melo, Fab",C,Syracuse
2012,1,23,"Jenkins, John",SG,Vanderbilt
2012,1,24,"Cunningham, Jared",SG,Oregon St.
2012,1,25,"Wroten, Tony",PG,Washington
2012,1,26,"Plumlee, Miles",C,Duke
2012,1,27,"Moultrie, Arnett",PF,Mississippi St.
2012,1,28,"Jones III, Perry",SF,Baylor
2012,1,29,"Teague, Marquis",PG,Kentucky
2012,1,30,"Ezeli, Festus",C,Vanderbilt
2012,2,31,"Taylor, Jeffery",SF,Vanderbilt
2012,2,32,"Satoransk?, Tom¨¢?",SG,Banca C¨ªvica Sevilla
2012,2,33,"James, Bernard",C,Florida St.
2012,2,34,"Crowder, Jae",SF,Marquette
2012,2,35,"Green, Draymond",PF,Michigan St.
2012,2,36,"Johnson, Orlando",SG,UC Santa Barbara
2012,2,37,"Acy, Quincy",PF,Baylor
2012,2,38,"Miller, Quincy",SF,Baylor
2012,2,39,"Middleton, Khris",SF,Texas A&M
2012,2,40,"Barton, Will",SG,Memphis
2012,2,41,"Taylor, Tyshawn",PG,Kansas
2012,2,42,"Lamb, Doron",SG,Kentucky
2012,2,43,"Scott, Mike",PF,Virginia
2012,2,44,"English, Kim",SG,Missouri
2012,2,45,"Hamilton, Justin",C,LSU
2012,2,46,"Miller, Darius",SF,Kentucky
2012,2,47,"Murphy, Kevin",SG,Tennessee Tech
2012,2,48,"Papanikolaou, Kostas",SF,Olympiacos
2012,2,49,"O'Quinn, Kyle",PF,Norfolk St.
2012,2,50,"Turkyilmaz, Izzet",PF,Banvit
2012,2,51,"Joseph, Kris",SF,Syracuse
2012,2,52,"Kuzmi?, Ognjen",C,Clinicas Rinc¨®n
2012,2,53,"Aldemir, Furkan",PF,Galatasaray
2012,2,54,"Shengelia, Tornike",SF,Spirou Charleroi
2012,2,55,"Johnson-Odom, Darius",SG,Marquette
2012,2,56,"Zub?i?, Tomislav",PF,Cibona Zagreb
2012,2,57,"Karaman, ?lkan",PF,P?nar Kar??yaka
2012,2,58,"Hummel, Robbie",SF,Purdue
2012,2,59,"Denmon, Marcus",PG,Missouri
2012,2,60,"Sacre, Robert",C,Gonzaga
2013,1,1,"Bennett, Anthony",PF/SF,UNLV
2013,1,2,"Oladipo, Victor",SG/PG,Indiana
2013,1,3,"Porter, Otto",SF,Georgetown
2013,1,4,"Zeller, Cody",C/PF,Indiana
2013,1,5,"Len, Alex",C,Maryland
2013,1,6,"Noel, Nerlens",C,Kentucky
2013,1,7,"McLemore, Ben",SG,Kansas
2013,1,8,"Caldwell-Pope, Kentavious",SG,Georgia
2013,1,9,"Burke, Trey",PG,Michigan
2013,1,10,"McCollum, C. J.",SG,Lehigh
2013,1,11,"Carter-Williams, Michael",PG,Syracuse
2013,1,12,"Adams, Steven",C,Pittsburgh
2013,1,13,"Olynyk, Kelly",C,Gonzaga
2013,1,14,"Muhammad, Shabazz",SG/SF,UCLA
2013,1,15,"Antetokounmpo, Giannis",SF/PF,Filathlitikos
2013,1,16,"Nogueira, Lucas",C,Estudiantes
2013,1,17,"Schr?der, Dennis",PG,Phantoms Braunschweig
2013,1,18,"Larkin, Shane",PG,Miami (FL)
2013,1,19,"Karasev, Sergey",SG/SF,Triumph Lyubertsy
2013,1,20,"Snell, Tony",SF,New Mexico
2013,1,21,"Dieng, Gorgui",C,Louisville
2013,1,22,"Plumlee, Mason",C,Duke
2013,1,23,"Hill, Solomon",SF,Arizona
2013,1,24,"Hardaway Jr., Tim",SG,Michigan
2013,1,25,"Bullock, Reggie",SF,North Carolina
2013,1,26,"Roberson, Andr¨¦",SG/SF,Colorado
2013,1,27,"Gobert, Rudy",C,Cholet Basket
2013,1,28,"Jean-Charles, Livio",SF,ASVEL Basket
2013,1,29,"Goodwin, Archie",SG,Kentucky
2013,1,30,"Nedovi?, Nemanja",PG,Lietuvos Rytas
2013,2,31,"Crabbe, Allen",SG,California
2013,2,32,"Abrines, ?lex",SG/SF,FC Barcelona
2013,2,33,"Felix, Carrick",SG,Arizona State
2013,2,34,"Canaan, Isaiah",PG,Murray State
2013,2,35,"Rice Jr., Glen",SG,Rio Grande Valley Vipers
2013,2,36,"McCallum Jr., Ray",PG,Detroit
2013,2,37,"Mitchell, Tony",PF,North Texas
2013,2,38,"Wolters, Nate",PG,South Dakota State
2013,2,39,"Withey, Jeff",C,Kansas
2013,2,40,"Jerrett, Grant",PF,Arizona
2013,2,41,"Franklin, Jamaal",SG,San Diego State
2013,2,42,"Jackson, Pierre",PG,Baylor
2013,2,43,"Ledo, Ricky",SG,Providence
2013,2,44,"Muscala, Mike",C,Bucknell
2013,2,45,"Todorovi?, Marko",PF/C,FC Barcelona
2013,2,46,"Green, Erick",PG,Virginia Tech
2013,2,47,"Neto, Raul",PG,Gipuzkoa Basket
2013,2,48,"Kelly, Ryan",PF,Duke
2013,2,49,"Murphy, Erik",PF,Florida
2013,2,50,"Ennis, James",SF,Long Beach State
2013,2,51,"Osby, Romero",PF,Oklahoma
2013,2,52,"Brown, Lorenzo",PG,NC State
2013,2,53,"Iverson, Colton",C,Colorado State
2013,2,54,"Kazemi, Arsalan",PF,Oregon
2013,2,55,"Lauvergne, Joffrey",C,Partizan Belgrade
2013,2,56,"Siva, Peyton",PG,Louisville
2013,2,57,"Oriakhi, Alex",C,Missouri
2013,2,58,"Thomas, Deshaun",SF,Ohio State
2013,2,59,"Dubljevi?, Bojan",PF,Valencia Basket
2013,2,60,"Timma, J¨¡nis",SF,BK Ventspils
2014,1,1,"Wiggins, Andrew",SF/SG,Kansas
2014,1,2,"Parker, Jabari",SF/PF,Duke
2014,1,3,"Embiid, Joel",C,Kansas
2014,1,4,"Gordon, Aaron",PF,Arizona
2014,1,5,"Exum, Dante",PG/SG,Australian Institute of Sport
2014,1,6,"Smart, Marcus",PG,Oklahoma State
2014,1,7,"Randle, Julius",PF,Kentucky
2014,1,8,"Stauskas, Nik",SG,Michigan
2014,1,9,"Vonleh, Noah",PF,Indiana
2014,1,10,"Payton, Elfrid",PG,Louisiana¨CLafayette
2014,1,11,"McDermott, Doug",SF,Creighton
2014,1,12,"Saric, Dario",SF/PF,Cibona Zagreb
2014,1,13,"LaVine, Zach",SG,UCLA
2014,1,14,"Warren, T. J.",SF,North Carolina State
2014,1,15,"Payne, Adreian",PF,Michigan State
2014,1,16,"Nurki?, Jusuf",C,Cedevita Zagreb
2014,1,17,"Young, James",SG/SF,Kentucky
2014,1,18,"Ennis, Tyler",PG,Syracuse
2014,1,19,"Harris, Gary",SG,Michigan State
2014,1,20,"Caboclo, Bruno",SF,EC Pinheiros
2014,1,21,"McGary, Mitch",PF,Michigan
2014,1,22,"Adams, Jordan",SG,UCLA
2014,1,23,"Hood, Rodney",SG,Duke
2014,1,24,"Napier, Shabazz",PG,Connecticut
2014,1,25,"Capela, Clint",C,?lan Chalon
2014,1,26,"Hairston, P. J.",SG,Texas Legends
2014,1,27,"Bogdanovi?, Bogdan",SG,Partizan Belgrade
2014,1,28,"Wilcox, C. J.",SG,Washington
2014,1,29,"Huestis, Josh",SF/PF,Stanford
2014,1,30,"Anderson, Kyle",SF,UCLA
2014,2,31,"Inglis, Damien",SF,Chorale Roanne
2014,2,32,"McDaniels, K. J.",SF,Clemson
2014,2,33,"Harris, Joe",SG,Virginia
2014,2,34,"Early, Cleanthony",SF,Wichita State
2014,2,35,"Stokes, Jarnell",PF,Tennessee
2014,2,36,"O'Bryant III, Johnny",PF,Louisiana State
2014,2,37,"Daniels, DeAndre",SF,Connecticut
2014,2,38,"Dinwiddie, Spencer",PG/SG,Colorado
2014,2,39,"Grant, Jerami",SF,Syracuse
2014,2,40,"Robinson III, Glenn",SF,Michigan
2014,2,41,"Joki?, Nikola",PF/C,Mega Vizura
2014,2,42,"Johnson, Nick",PG/SG,Arizona
2014,2,43,"Tavares, Walter",C,CB Gran Canaria
2014,2,44,"Brown, Markel",SG,Oklahoma State
2014,2,45,"Powell, Dwight",PF,Stanford
2014,2,46,"Clarkson, Jordan",PG,Missouri
2014,2,47,"Smith, Russ",PG/SG,Louisville
2014,2,48,"Patterson, Lamar",SG/SF,Pittsburgh
2014,2,49,"Bairstow, Cameron",PF/C,New Mexico
2014,2,50,"Brown, Alec",C,Green Bay
2014,2,51,"Antetokounmpo, Thanasis",SF,Delaware 87ers
2014,2,52,"Mici?, Vasilije",PG,Mega Vizura
2014,2,53,"Gentile, Alessandro",SF,Olimpia Milano
2014,2,54,"Dangubi?, Nemanja",SG,Mega Vizura
2014,2,55,"Christon, Semaj",PG,Xavier
2014,2,56,"Marble, Devyn",SG/SF,Iowa
2014,2,57,"Labeyrie, Louis",PF/C,Paris-Levallois Basket
2014,2,58,"McRae, Jordan",SG,Tennessee
2014,2,59,"Thames, Xavier",PG/SG,San Diego State
2014,2,60,"Jefferson, Cory",PF,Baylor
2015,1,1,"Towns, Karl-Anthony",C,Kentucky
2015,1,2,"Russell, D'Angelo",PG,Ohio State
2015,1,3,"Okafor, Jahlil",C,Duke
2015,1,4,"Porzi??is, Kristaps",PF/C,Baloncesto Sevilla
2015,1,5,"Hezonja, Mario",SG/SF,FC Barcelona
2015,1,6,"Cauley-Stein, Willie",C,Kentucky
2015,1,7,"Mudiay, Emmanuel",PG,Guangdong Southern Tigers
2015,1,8,"Johnson, Stanley",SF,Arizona
2015,1,9,"Kaminsky, Frank",C,Wisconsin
2015,1,10,"Winslow, Justise",SF,Duke
2015,1,11,"Turner, Myles",C,Texas
2015,1,12,"Lyles, Trey",PF,Kentucky
2015,1,13,"Booker, Devin",SG,Kentucky
2015,1,14,"Payne, Cameron",PG,Murray State
2015,1,15,"Oubre Jr., Kelly",SG,Kansas
2015,1,16,"Rozier, Terry",PG,Louisville
2015,1,17,"Vaughn, Rashad",SG,UNLV
2015,1,18,"Dekker, Sam",SF,Wisconsin
2015,1,19,"Grant, Jerian",PG,Notre Dame
2015,1,20,"Wright, Delon",PG,Utah
2015,1,21,"Anderson, Justin",SF,Virginia
2015,1,22,"Portis, Bobby",PF,Arkansas
2015,1,23,"Hollis-Jefferson, Rondae",SF,Arizona
2015,1,24,"Jones, Tyus",PG,Duke
2015,1,25,"Martin, Jarell",PF,LSU
2015,1,26,"Milutinov, Nikola",C,Partizan Belgrade
2015,1,27,"Nance Jr., Larry",PF,Wyoming
2015,1,28,"Hunter, R. J.",SG,Georgia State
2015,1,29,"McCullough, Chris",PF,Syracuse
2015,1,30,"Looney, Kevon",PF,UCLA
2015,2,31,"Osman, Cedi",SG/SF,Anadolu Efes
2015,2,32,"Harrell, Montrezl",PF,Louisville
2015,2,33,"Mickey, Jordan",PF,LSU
2015,2,34,"Brown, Anthony",SF,Stanford
2015,2,35,"Hernang¨®mez, Willy",C,Baloncesto Sevilla
2015,2,36,"Christmas, Rakeem",PF/C,Syracuse
2015,2,37,"Holmes, Richaun",SF/PF,Bowling Green
2015,2,38,"Hilliard, Darrun",SG,Villanova
2015,2,39,"Vaulet, Juan Pablo",SF,Estudiantes de Bah¨ªa
2015,2,40,"Richardson, Josh",SG,Tennessee
2015,2,41,"Connaughton, Pat",SF,Notre Dame
2015,2,42,"Hanlan, Olivier",PG,Boston College
2015,2,43,"Young, Joseph",PG,Oregon
2015,2,44,"Harrison, Andrew",PG,Kentucky
2015,2,45,"Thornton, Marcus",PG,William & Mary
2015,2,46,"Powell, Norman",SG,UCLA
2015,2,47,"Gudaitis, Art¨±ras",C,?algiris Kaunas
2015,2,48,"Johnson, Dakari",C,Kentucky
2015,2,49,"White, Aaron",PF,Iowa
2015,2,50,"Eriksson, Marcus",SG,FC Barcelona
2015,2,51,"Harvey, Tyler",PG,Eastern Washington
2015,2,52,"Bhamara, Satnam Singh",C,IMG Academy
2015,2,53,"Pointer, Sir'Dominic",SF,St. John's
2015,2,54,"D¨ªez, Dani",SF,Gipuzkoa Basket
2015,2,55,"Lalanne, Cady",PF,Massachusetts
2015,2,56,"Dawson, Branden",SF,Michigan State
2015,2,57,"Radi?evi?, Nikola",PG,Baloncesto Sevilla
2015,2,58,"Tokoto, J. P.",SG/SF,North Carolina
2015,2,59,"Agravanis, Dimitrios",PF,Olympiacos
2015,2,60,"Mitrovi?, Luka",PF,Red Star Belgrade
2016,1,1,"Simmons, Ben",PF/PG,LSU
2016,1,2,"Ingram, Brandon",SF,Duke
2016,1,3,"Brown, Jaylen",SF/SG,California
2016,1,4,"Bender, Dragan",PF/C,Maccabi FOX Tel Aviv
2016,1,5,"Dunn, Kris",PG,Providence
2016,1,6,"Hield, Buddy",SG,Oklahoma
2016,1,7,"Murray, Jamal",SG/PG,Kentucky
2016,1,8,"Chriss, Marquese",PF,Washington
2016,1,9,Poeltl,C,Utah
2016,1,10,"Maker, Thon",PF,Orangeville Prep
2016,1,11,"Sabonis, Domantas",PF/C,Gonzaga
2016,1,12,"Prince, Taurean",PF,Baylor
2016,1,13,"Papagiannis, Georgios",C,Panathinaikos
2016,1,14,"Valentine, Denzel",SG/SF,Michigan State
2016,1,15,"Hernang¨®mez, Juan",SF/PF,Movistar Estudiantes
2016,1,16,"Yabusele, Guerschon",PF,Rouen M¨¦tropole
2016,1,17,"Baldwin IV, Wade",PG,Vanderbilt
2016,1,18,"Ellenson, Henry",PF,Marquette
2016,1,19,"Beasley, Malik",SG,Florida State
2016,1,20,"LeVert, Caris",SG,Michigan
2016,1,21,"Bembry, DeAndre'",SF,Saint Joseph's
2016,1,22,"Richardson, Malachi",SG,Syracuse
2016,1,23,"?i?i?, Ante",C,KK Cibona
2016,1,24,"Luwawu-Cabarrot, Timoth¨¦",SG/SF,Mega Leks
2016,1,25,"Johnson, Brice",PF,North Carolina
2016,1,26,"Korkmaz, Furkan",SG/SF,Anadolu Efes
2016,1,27,"Siakam, Pascal",PF,New Mexico State
2016,1,28,"Labissi¨¨re, Skal",PF/C,Kentucky
2016,1,29,"Murray, Dejounte",PG/SG,Washington
2016,1,30,"Jones, Damian",C,Vanderbilt
2016,2,31,"Davis, Deyonta",PF/C,Michigan State
2016,2,32,"Zubac, Ivica",C,Mega Leks
2016,2,33,"Diallo, Cheick",PF/C,Kansas
2016,2,34,"Ulis, Tyler",PG,Kentucky
2016,2,35,"Zagorac, Rade",SG/SF,Mega Leks
2016,2,36,"Brogdon, Malcolm",PG/SG,Virginia
2016,2,37,"Onuaku, Chinanu",PF/C,Louisville
2016,2,38,"McCaw, Patrick",SG/SF,UNLV
2016,2,39,"Michineau, David",PG,Elan !
2016,2,40,"Stone, Diamond",C,Maryland
2016,2,41,"Zimmerman, Stephen",PF/C,UNLV
2016,2,42,"Whitehead, Isaiah",PG/SG,Seton Hall
2016,2,43,"Zhou Qi,",C,Xinjiang Flying Tigers
2016,2,44,"Cordinier, Isaia",SG,ASC Denain-Voltaire
2016,2,45,"Jackson, Demetrius",PG,Notre Dame
2016,2,46,"Hammons, A. J.",C,Purdue
2016,2,47,"Layman, Jake",SF,Maryland
2016,2,48,"Zipser, Paul",SG/SF,FC Bayern Munich
2016,2,49,"Gbinije, Michael",SF,Syracuse
2016,2,50,"Niang, Georges",PF,Iowa State
2016,2,51,"Bentil, Ben",PF,Providence
2016,2,52,"Bolomboy, Joel",PF/C,Weber State
2016,2,53,"Cornelie, Petr",PF,Le Mans Sarthe
2016,2,54,"Felder, Kay",PG,Oakland
2016,2,55,"Paige, Marcus",PG,North Carolina
2016,2,56,"Hamilton, Daniel",SG/SF,Connecticut
2016,2,57,"Wang Zhelin,",C,Fujian Sturgeons
2016,2,58,"Nader, Abdel",SF,Iowa State
2016,2,59,"Cousins, Isaiah",PG/SG,Oklahoma
2016,2,60,"Wallace, Tyrone",PG,California
2017,1,1,"Fultz, Markelle",PG/SG,Washington
2017,1,2,"Ball, Lonzo",PG,UCLA
2017,1,3,"Tatum, Jayson",SF,Duke
2017,1,4,"Jackson, Josh",SF,Kansas
2017,1,5,"Fox, De'Aaron",PG,Kentucky
2017,1,6,"Isaac, Jonathan",SF/PF,Florida State
2017,1,7,"Markkanen, Lauri",PF,Arizona
2017,1,8,"Ntilikina, Frank",PG,SIG Strasbourg
2017,1,9,"Smith Jr., Dennis",PG,NC State
2017,1,10,"Collins, Zach",C/PF,Gonzaga
2017,1,11,"Monk, Malik",SG,Kentucky
2017,1,12,"Kennard, Luke",SG,Duke
2017,1,13,"Mitchell, Donovan",SG,Louisville
2017,1,14,"Adebayo, Bam",PF/C,Kentucky
2017,1,15,"Jackson, Justin",SF,North Carolina
2017,1,16,"Patton, Justin",C,Creighton
2017,1,17,"Wilson, D. J.",PF/SF,Michigan
2017,1,18,"Leaf, T. J.",PF,UCLA
2017,1,19,"Collins, John",PF,Wake Forest
2017,1,20,"Giles, Harry",PF/C,Duke
2017,1,21,"Ferguson, Terrance",SG,Adelaide 36ers
2017,1,22,"Allen, Jarrett",C,Texas
2017,1,23,"Anunoby, OG",SF,Indiana
2017,1,24,"Lydon, Tyler",PF,Syracuse
2017,1,25,"Pase??iks, An?ejs",C,Herbalife Gran Canaria
2017,1,26,"Swanigan, Caleb",PF,Purdue
2017,1,27,"Kuzma, Kyle",PF,Utah
2017,1,28,"Bradley, Tony",PF/C,North Carolina
2017,1,29,"White, Derrick",PG/SG,Colorado
2017,1,30,"Hart, Josh",SG,Villanova
2017,2,31,"Jackson, Frank",PG,Duke
2017,2,32,"Reed, Davon",SG,Miami
2017,2,33,"Iwundu, Wes",SF,Kansas State
2017,2,34,"Mason III, Frank",PG,Kansas
2017,2,35,"Rabb, Ivan",PF,California
2017,2,36,"Bolden, Jonah",PF,FMP Beograd
2017,2,37,"Ojeleye, Semi",SF/PF,SMU
2017,2,38,"Bell, Jordan",PF,Oregon
2017,2,39,"Evans, Jawun",PG,Oklahoma State
2017,2,40,"Bacon, Dwayne",SG,Florida State
2017,2,41,"Dorsey, Tyler",SG,Oregon
2017,2,42,"Bryant, Thomas",PF,Indiana
2017,2,43,"Hartenstein, Isaiah",PF/C,?algiris Kaunas
2017,2,44,"Dotson, Damyean",SG,Houston
2017,2,45,"Brooks, Dillon",SF,Oregon
2017,2,46,"Brown, Sterling",SG,SMU
2017,2,47,"Anigbogu, Ike",C,UCLA
2017,2,48,"Thornwell, Sindarius",SG,South Carolina
2017,2,49,"?an?ar, Vlatko",SF,Mega Leks
2017,2,50,"Lessort, Mathias",PF/C,Nanterre 92
2017,2,51,"Morris, Mont¨¦",PG,Iowa State
2017,2,52,"Sumner, Edmond",PG,Xavier
2017,2,53,"Allen, Kadeem",SG,Arizona
2017,2,54,"Peters, Alec",SF,Valparaiso
2017,2,55,"Williams-Goss, Nigel",PG,Gonzaga
2017,2,56,"Bird, Jabari",SG,California
2017,2,57,"Vezenkov, Sasha",PF,FC Barcelona Lassa
2017,2,58,"Jaramaz, Ognjen",PG,Mega Leks
2017,2,59,"Blossomgame, Jaron",SF,Clemson
2017,2,60,"Kaba, Alpha",PF/C,Mega Leks
2018,1,1,,,
2018,1,2,,,
2018,1,3,,,
2018,1,4,,,
2018,1,5,,,
2018,1,6,,,
2018,1,7,,,
2018,1,8,,,
2018,1,9,,,
2018,1,10,,,
2018,1,11,,,
2018,1,12,,,
2018,1,13,,,
2018,1,14,,,
2018,1,15,,,
2018,1,16,,,
2018,1,17,,,
2018,1,18,,,
2018,1,19,,,
2018,1,20,,,
2018,1,21,,,
2018,1,22,,,
2018,1,23,,,
2018,1,24,,,
2018,1,25,,,
2018,1,26,,,
2018,1,27,,,
2018,1,28,,,
2018,1,29,,,
2018,1,30,,,
2018,2,31,,,
2018,2,32,,,
2018,2,33,,,
2018,2,34,,,
2018,2,35,,,
2018,2,36,,,
2018,2,37,,,
2018,2,38,,,
2018,2,39,,,
2018,2,40,,,
2018,2,41,,,
2018,2,42,,,
2018,2,43,,,
2018,2,44,,,
2018,2,45,,,
2018,2,46,,,
2018,2,47,,,
2018,2,48,,,
2018,2,49,,,
2018,2,50,,,
2018,2,51,,,
2018,2,52,,,
2018,2,53,,,
2018,2,54,,,
2018,2,55,,,
2018,2,56,,,
2018,2,57,,,
2018,2,58,,,
2018,2,59,,,
2018,2,60,,,
